tipo_dato;fecha_hora;detalle_dato;nivel_sensibilidad;id_empresa
UBICACION;12/4/2025 13:16;Lat: 40.8551, Lon: 0.9764;MEDIO;1
ACTIVIDAD;10/24/2025 1:36;Accion: Busqueda, Objetivo: Perfil;ALTO;2
ACTIVIDAD;12/27/2025 10:59;Accion: Busqueda, Objetivo: Perfil;ALTO;1
UBICACION;9/17/2025 1:06;Lat: 36.5875, Lon: -8.9621;MEDIO;1
ACTIVIDAD;8/4/2025 18:23;Accion: Login, Objetivo: Sistema;BAJO;2
ACTIVIDAD;5/2/2026 13:40;Accion: Logout, Objetivo: Perfil;BAJO;3
UBICACION;8/16/2025 23:53;Lat: 41.3728, Lon: -8.5323;ALTO;2
UBICACION;1/13/2026 23:22;Lat: 37.3887, Lon: -4.2457;MEDIO;3
ACTIVIDAD;2/11/2026 2:35;Accion: Busqueda, Objetivo: Perfil;BAJO;1
UBICACION;8/19/2025 0:11;Lat: 37.5190, Lon: -5.9914;BAJO;2
ACTIVIDAD;3/22/2026 8:58;Accion: Logout, Objetivo: Sistema;BAJO;1
UBICACION;5/28/2025 12:00;Lat: 39.4202, Lon: -1.4644;MEDIO;3
UBICACION;5/9/2026 23:28;Lat: 42.5913, Lon: -6.1669;BAJO;1
UBICACION;9/17/2025 15:17;Lat: 41.1849, Lon: 2.2344;ALTO;1
UBICACION;4/6/2026 3:38;Lat: 41.0417, Lon: -6.3315;BAJO;2
UBICACION;10/7/2025 7:22;Lat: 39.8779, Lon: -7.9851;BAJO;3
UBICACION;5/27/2025 13:19;Lat: 40.8703, Lon: -2.9148;MEDIO;2
UBICACION;7/1/2025 7:00;Lat: 41.5401, Lon: -8.5721;MEDIO;2
UBICACION;12/30/2025 0:59;Lat: 39.5233, Lon: -0.8731;ALTO;2
UBICACION;8/27/2025 14:54;Lat: 40.7398, Lon: 1.5443;MEDIO;3
UBICACION;5/18/2025 7:49;Lat: 36.1591, Lon: -4.6671;MEDIO;2
ACTIVIDAD;12/30/2025 17:21;Accion: Login, Objetivo: Producto;BAJO;2
UBICACION;3/25/2026 10:48;Lat: 42.4862, Lon: 2.0000;BAJO;1
UBICACION;7/24/2025 5:04;Lat: 36.5273, Lon: 2.0262;BAJO;3
UBICACION;7/10/2025 21:35;Lat: 38.4960, Lon: -1.6614;MEDIO;1
ACTIVIDAD;7/4/2025 19:01;Accion: Logout, Objetivo: Producto;MEDIO;2
ACTIVIDAD;10/17/2025 11:42;Accion: Compra, Objetivo: Sistema;ALTO;2
UBICACION;9/30/2025 1:52;Lat: 41.6192, Lon: -6.6523;BAJO;2
UBICACION;10/5/2025 7:12;Lat: 42.2349, Lon: 2.3344;ALTO;2
UBICACION;6/17/2025 16:07;Lat: 42.2131, Lon: -3.8993;MEDIO;1
UBICACION;5/16/2025 3:15;Lat: 38.1928, Lon: -1.9718;BAJO;1
UBICACION;3/23/2026 5:10;Lat: 37.7138, Lon: -3.4287;MEDIO;3
ACTIVIDAD;11/29/2025 4:03;Accion: Login, Objetivo: Sistema;ALTO;1
UBICACION;11/9/2025 0:54;Lat: 42.1426, Lon: -3.5750;MEDIO;1
UBICACION;3/21/2026 22:05;Lat: 38.8887, Lon: 2.7059;MEDIO;2
ACTIVIDAD;3/14/2026 0:21;Accion: Logout, Objetivo: Sistema;ALTO;2
UBICACION;11/8/2025 18:45;Lat: 40.2188, Lon: -4.8499;MEDIO;1
ACTIVIDAD;6/27/2025 10:42;Accion: Login, Objetivo: Sistema;BAJO;3
UBICACION;8/12/2025 14:11;Lat: 41.6603, Lon: -4.7092;MEDIO;2
ACTIVIDAD;4/8/2026 23:10;Accion: Logout, Objetivo: Producto;MEDIO;1
UBICACION;2/12/2026 4:28;Lat: 41.3864, Lon: 0.4244;ALTO;2
UBICACION;1/14/2026 9:50;Lat: 41.7053, Lon: -8.7011;BAJO;3
UBICACION;9/1/2025 21:28;Lat: 40.0253, Lon: -7.5648;MEDIO;3
ACTIVIDAD;7/3/2025 14:34;Accion: Login, Objetivo: Perfil;ALTO;2
ACTIVIDAD;12/24/2025 4:29;Accion: Compra, Objetivo: Sistema;ALTO;2
ACTIVIDAD;9/21/2025 22:48;Accion: Compra, Objetivo: Producto;BAJO;3
UBICACION;5/22/2025 18:54;Lat: 38.4273, Lon: -6.6274;ALTO;2
ACTIVIDAD;12/30/2025 1:28;Accion: Logout, Objetivo: Perfil;MEDIO;2
UBICACION;11/25/2025 22:51;Lat: 41.6702, Lon: -0.0926;BAJO;1
UBICACION;6/26/2025 5:36;Lat: 36.7108, Lon: -4.6494;MEDIO;1
UBICACION;9/11/2025 16:03;Lat: 42.3958, Lon: -3.4655;MEDIO;3
ACTIVIDAD;12/31/2025 4:48;Accion: Login, Objetivo: Sistema;MEDIO;3
ACTIVIDAD;8/15/2025 7:00;Accion: Login, Objetivo: Perfil;MEDIO;3
UBICACION;10/25/2025 8:15;Lat: 38.0754, Lon: -4.5731;ALTO;3
UBICACION;3/11/2026 2:53;Lat: 42.2887, Lon: -3.3857;BAJO;2
UBICACION;6/3/2025 20:00;Lat: 36.6402, Lon: -0.6812;ALTO;1
UBICACION;9/4/2025 20:44;Lat: 40.9014, Lon: -8.2962;ALTO;2
UBICACION;8/14/2025 7:47;Lat: 36.9033, Lon: 0.5860;MEDIO;3
UBICACION;4/16/2026 17:52;Lat: 42.9031, Lon: 2.3549;ALTO;2
UBICACION;10/6/2025 18:29;Lat: 42.9430, Lon: 2.6281;ALTO;1
ACTIVIDAD;4/19/2026 10:41;Accion: Compra, Objetivo: Perfil;MEDIO;3
ACTIVIDAD;9/15/2025 11:33;Accion: Busqueda, Objetivo: Perfil;ALTO;1
UBICACION;11/16/2025 13:23;Lat: 40.8711, Lon: 0.1752;MEDIO;3
ACTIVIDAD;10/8/2025 9:45;Accion: Login, Objetivo: Producto;BAJO;2
ACTIVIDAD;3/19/2026 6:47;Accion: Busqueda, Objetivo: Perfil;ALTO;3
ACTIVIDAD;12/16/2025 4:39;Accion: Login, Objetivo: Sistema;BAJO;2
ACTIVIDAD;12/30/2025 3:35;Accion: Busqueda, Objetivo: Perfil;MEDIO;2
ACTIVIDAD;1/24/2026 2:02;Accion: Logout, Objetivo: Perfil;MEDIO;2
ACTIVIDAD;8/5/2025 11:52;Accion: Login, Objetivo: Perfil;ALTO;3
ACTIVIDAD;1/13/2026 21:45;Accion: Busqueda, Objetivo: Perfil;ALTO;2
ACTIVIDAD;8/16/2025 5:25;Accion: Busqueda, Objetivo: Perfil;BAJO;2
UBICACION;12/8/2025 4:21;Lat: 37.8829, Lon: -5.6787;MEDIO;2
ACTIVIDAD;9/21/2025 12:46;Accion: Login, Objetivo: Producto;BAJO;3
UBICACION;6/12/2025 18:07;Lat: 42.2474, Lon: -1.1621;MEDIO;2
UBICACION;3/27/2026 3:46;Lat: 38.5626, Lon: 0.9580;MEDIO;1
ACTIVIDAD;2/8/2026 10:54;Accion: Login, Objetivo: Producto;ALTO;1
UBICACION;12/10/2025 6:03;Lat: 38.2021, Lon: 1.9130;ALTO;1
UBICACION;1/30/2026 0:20;Lat: 38.8523, Lon: -6.5413;ALTO;1
UBICACION;11/8/2025 19:22;Lat: 39.5395, Lon: 2.7127;MEDIO;1
UBICACION;5/7/2026 12:02;Lat: 40.3482, Lon: -6.6396;BAJO;2
UBICACION;10/29/2025 23:51;Lat: 39.5216, Lon: -3.0764;BAJO;3
UBICACION;9/9/2025 12:58;Lat: 40.8002, Lon: -2.2420;BAJO;2
ACTIVIDAD;4/11/2026 2:00;Accion: Busqueda, Objetivo: Perfil;BAJO;2
ACTIVIDAD;6/16/2025 22:08;Accion: Login, Objetivo: Producto;MEDIO;3
UBICACION;10/19/2025 17:48;Lat: 40.0053, Lon: -2.5829;BAJO;1
UBICACION;7/1/2025 13:05;Lat: 36.5790, Lon: -7.2261;BAJO;3
UBICACION;7/26/2025 6:17;Lat: 39.7521, Lon: -3.0116;MEDIO;1
ACTIVIDAD;7/8/2025 20:48;Accion: Compra, Objetivo: Producto;MEDIO;3
ACTIVIDAD;7/7/2025 15:33;Accion: Logout, Objetivo: Sistema;ALTO;2
ACTIVIDAD;2/13/2026 1:56;Accion: Login, Objetivo: Producto;ALTO;3
UBICACION;6/15/2025 19:43;Lat: 42.6038, Lon: -1.5038;MEDIO;1
UBICACION;8/26/2025 12:04;Lat: 42.4787, Lon: -6.3446;ALTO;2
UBICACION;7/19/2025 20:20;Lat: 38.9855, Lon: -0.1784;ALTO;2
UBICACION;11/4/2025 23:49;Lat: 40.8707, Lon: 1.7315;MEDIO;1
UBICACION;1/17/2026 1:48;Lat: 39.6718, Lon: -7.2190;MEDIO;1
ACTIVIDAD;6/14/2025 6:17;Accion: Compra, Objetivo: Sistema;ALTO;1
ACTIVIDAD;1/16/2026 23:34;Accion: Busqueda, Objetivo: Producto;ALTO;2
UBICACION;1/19/2026 17:20;Lat: 36.0394, Lon: -6.4329;MEDIO;1
UBICACION;11/29/2025 1:00;Lat: 41.1234, Lon: -5.5452;ALTO;2
ACTIVIDAD;4/25/2026 4:18;Accion: Busqueda, Objetivo: Sistema;MEDIO;2
UBICACION;10/16/2025 11:49;Lat: 38.1222, Lon: 2.0324;ALTO;3
ACTIVIDAD;1/8/2026 13:38;Accion: Compra, Objetivo: Sistema;ALTO;1
UBICACION;3/8/2026 23:40;Lat: 39.1379, Lon: -5.4559;MEDIO;1
UBICACION;3/27/2026 15:23;Lat: 38.2436, Lon: -4.7109;MEDIO;3
UBICACION;4/14/2026 19:53;Lat: 41.7843, Lon: -3.1194;MEDIO;1
ACTIVIDAD;1/22/2026 23:57;Accion: Logout, Objetivo: Sistema;ALTO;2
ACTIVIDAD;3/25/2026 12:03;Accion: Logout, Objetivo: Producto;BAJO;1
ACTIVIDAD;8/20/2025 2:21;Accion: Busqueda, Objetivo: Perfil;MEDIO;3
ACTIVIDAD;6/14/2025 2:15;Accion: Login, Objetivo: Perfil;ALTO;1
UBICACION;8/4/2025 20:45;Lat: 36.4321, Lon: -7.7149;MEDIO;2
ACTIVIDAD;11/13/2025 7:57;Accion: Login, Objetivo: Producto;ALTO;2
UBICACION;4/10/2026 8:53;Lat: 42.0408, Lon: 1.6581;ALTO;1
ACTIVIDAD;9/2/2025 12:38;Accion: Logout, Objetivo: Producto;ALTO;2
ACTIVIDAD;4/22/2026 15:51;Accion: Login, Objetivo: Sistema;ALTO;2
ACTIVIDAD;10/4/2025 15:28;Accion: Busqueda, Objetivo: Sistema;BAJO;1
ACTIVIDAD;10/29/2025 10:19;Accion: Login, Objetivo: Sistema;BAJO;3
ACTIVIDAD;5/1/2026 14:52;Accion: Compra, Objetivo: Perfil;ALTO;2
ACTIVIDAD;6/5/2025 21:53;Accion: Busqueda, Objetivo: Sistema;ALTO;1
ACTIVIDAD;11/1/2025 19:21;Accion: Login, Objetivo: Producto;BAJO;1
UBICACION;12/12/2025 1:15;Lat: 37.5494, Lon: -2.2282;ALTO;1
UBICACION;2/7/2026 11:13;Lat: 40.8057, Lon: -0.1319;ALTO;2
ACTIVIDAD;10/8/2025 20:15;Accion: Login, Objetivo: Sistema;ALTO;3
UBICACION;6/16/2025 0:25;Lat: 40.1143, Lon: -5.4343;ALTO;3
ACTIVIDAD;4/5/2026 2:16;Accion: Compra, Objetivo: Perfil;MEDIO;1
ACTIVIDAD;6/4/2025 15:05;Accion: Compra, Objetivo: Sistema;MEDIO;3
ACTIVIDAD;4/14/2026 6:21;Accion: Busqueda, Objetivo: Perfil;BAJO;3
ACTIVIDAD;10/5/2025 21:20;Accion: Login, Objetivo: Perfil;BAJO;2
ACTIVIDAD;5/21/2025 0:37;Accion: Login, Objetivo: Producto;MEDIO;1
ACTIVIDAD;1/11/2026 10:12;Accion: Compra, Objetivo: Sistema;ALTO;3
ACTIVIDAD;6/23/2025 0:01;Accion: Busqueda, Objetivo: Perfil;BAJO;1
UBICACION;1/17/2026 4:08;Lat: 38.2961, Lon: 1.9554;MEDIO;2
ACTIVIDAD;9/8/2025 13:34;Accion: Logout, Objetivo: Perfil;ALTO;1
UBICACION;11/17/2025 9:18;Lat: 37.0212, Lon: -2.0527;ALTO;1
ACTIVIDAD;6/13/2025 1:01;Accion: Login, Objetivo: Perfil;ALTO;3
UBICACION;2/20/2026 18:17;Lat: 36.2053, Lon: 2.6505;MEDIO;1
ACTIVIDAD;11/2/2025 13:50;Accion: Login, Objetivo: Perfil;ALTO;2
ACTIVIDAD;4/16/2026 11:47;Accion: Login, Objetivo: Sistema;ALTO;2
ACTIVIDAD;10/5/2025 17:06;Accion: Logout, Objetivo: Sistema;MEDIO;1
ACTIVIDAD;1/21/2026 19:16;Accion: Compra, Objetivo: Sistema;BAJO;3
ACTIVIDAD;4/13/2026 10:15;Accion: Logout, Objetivo: Producto;BAJO;2
ACTIVIDAD;4/30/2026 7:37;Accion: Login, Objetivo: Sistema;MEDIO;3
ACTIVIDAD;3/11/2026 18:37;Accion: Busqueda, Objetivo: Perfil;BAJO;3
UBICACION;6/30/2025 0:40;Lat: 37.9023, Lon: 1.6249;ALTO;1
ACTIVIDAD;3/18/2026 14:52;Accion: Busqueda, Objetivo: Sistema;MEDIO;1
UBICACION;8/24/2025 6:58;Lat: 41.4454, Lon: -2.0480;ALTO;3
ACTIVIDAD;3/1/2026 6:29;Accion: Login, Objetivo: Sistema;BAJO;2
UBICACION;6/4/2025 20:01;Lat: 39.1923, Lon: -5.4934;MEDIO;2
ACTIVIDAD;9/10/2025 14:28;Accion: Logout, Objetivo: Perfil;BAJO;1
UBICACION;8/28/2025 0:42;Lat: 42.9808, Lon: -5.4917;BAJO;3
ACTIVIDAD;9/26/2025 10:35;Accion: Busqueda, Objetivo: Sistema;BAJO;1
UBICACION;9/4/2025 19:25;Lat: 37.3931, Lon: -0.3829;BAJO;3
UBICACION;6/9/2025 4:55;Lat: 41.4812, Lon: 2.4979;BAJO;1
UBICACION;7/26/2025 5:57;Lat: 42.6991, Lon: -3.2973;BAJO;3
UBICACION;9/23/2025 3:17;Lat: 36.7967, Lon: -6.8666;MEDIO;1
UBICACION;3/16/2026 9:48;Lat: 40.3595, Lon: -1.0041;BAJO;2
ACTIVIDAD;5/22/2025 6:34;Accion: Logout, Objetivo: Sistema;BAJO;2
ACTIVIDAD;8/6/2025 17:16;Accion: Login, Objetivo: Producto;MEDIO;2
UBICACION;9/18/2025 13:30;Lat: 42.5629, Lon: -7.0563;MEDIO;2
ACTIVIDAD;6/23/2025 2:00;Accion: Compra, Objetivo: Producto;MEDIO;2
ACTIVIDAD;9/28/2025 18:25;Accion: Compra, Objetivo: Perfil;ALTO;2
ACTIVIDAD;7/28/2025 1:04;Accion: Logout, Objetivo: Perfil;MEDIO;3
ACTIVIDAD;7/27/2025 4:28;Accion: Logout, Objetivo: Producto;MEDIO;2
ACTIVIDAD;10/3/2025 9:29;Accion: Logout, Objetivo: Perfil;ALTO;1
UBICACION;2/2/2026 16:46;Lat: 37.9056, Lon: -0.4898;BAJO;1
ACTIVIDAD;10/2/2025 4:22;Accion: Login, Objetivo: Producto;ALTO;2
UBICACION;6/10/2025 12:05;Lat: 38.9807, Lon: -6.9319;MEDIO;1
UBICACION;4/28/2026 16:57;Lat: 40.9729, Lon: -1.8696;ALTO;1
UBICACION;12/16/2025 22:36;Lat: 36.8160, Lon: -4.9376;BAJO;2
UBICACION;6/23/2025 20:07;Lat: 42.6822, Lon: -1.7169;MEDIO;1
UBICACION;6/18/2025 9:17;Lat: 41.1911, Lon: -7.5965;MEDIO;2
UBICACION;10/3/2025 23:57;Lat: 38.3667, Lon: -6.6472;ALTO;2
ACTIVIDAD;1/10/2026 7:26;Accion: Busqueda, Objetivo: Sistema;BAJO;3
UBICACION;8/10/2025 10:50;Lat: 36.9007, Lon: -6.1400;BAJO;2
ACTIVIDAD;10/24/2025 0:37;Accion: Busqueda, Objetivo: Sistema;ALTO;2
UBICACION;12/27/2025 0:27;Lat: 40.4653, Lon: -4.7628;ALTO;3
ACTIVIDAD;7/12/2025 18:27;Accion: Logout, Objetivo: Producto;BAJO;2
ACTIVIDAD;2/2/2026 3:50;Accion: Compra, Objetivo: Perfil;ALTO;2
UBICACION;9/5/2025 5:03;Lat: 36.1539, Lon: -2.6977;BAJO;3
ACTIVIDAD;3/8/2026 10:54;Accion: Compra, Objetivo: Sistema;ALTO;1
ACTIVIDAD;8/28/2025 20:25;Accion: Logout, Objetivo: Producto;BAJO;1
ACTIVIDAD;11/5/2025 16:00;Accion: Logout, Objetivo: Producto;ALTO;3
ACTIVIDAD;3/7/2026 19:37;Accion: Busqueda, Objetivo: Producto;ALTO;2
UBICACION;5/30/2025 16:10;Lat: 41.5975, Lon: 2.6488;ALTO;2
ACTIVIDAD;10/29/2025 22:20;Accion: Compra, Objetivo: Sistema;ALTO;2
UBICACION;11/11/2025 5:57;Lat: 42.3553, Lon: 1.2526;BAJO;2
UBICACION;10/15/2025 21:25;Lat: 36.8904, Lon: 0.9038;MEDIO;3
ACTIVIDAD;5/21/2025 16:21;Accion: Login, Objetivo: Sistema;ALTO;2
ACTIVIDAD;3/28/2026 2:39;Accion: Busqueda, Objetivo: Producto;ALTO;3
ACTIVIDAD;5/12/2026 1:12;Accion: Logout, Objetivo: Producto;ALTO;3
UBICACION;5/17/2025 7:38;Lat: 42.6069, Lon: -6.8965;MEDIO;1
UBICACION;4/19/2026 18:23;Lat: 42.6241, Lon: 0.3571;ALTO;3
UBICACION;9/19/2025 11:18;Lat: 40.5303, Lon: -7.1707;BAJO;1
ACTIVIDAD;6/9/2025 17:38;Accion: Busqueda, Objetivo: Sistema;MEDIO;2
ACTIVIDAD;8/18/2025 6:56;Accion: Logout, Objetivo: Sistema;ALTO;1
ACTIVIDAD;2/13/2026 19:52;Accion: Logout, Objetivo: Sistema;MEDIO;2
ACTIVIDAD;7/3/2025 18:19;Accion: Logout, Objetivo: Perfil;ALTO;2
ACTIVIDAD;12/21/2025 13:45;Accion: Login, Objetivo: Producto;BAJO;2
UBICACION;7/1/2025 23:52;Lat: 41.6052, Lon: -5.5448;MEDIO;2
UBICACION;1/13/2026 2:39;Lat: 39.5641, Lon: 0.4741;BAJO;1
ACTIVIDAD;7/24/2025 18:50;Accion: Logout, Objetivo: Producto;ALTO;3
ACTIVIDAD;10/27/2025 14:38;Accion: Compra, Objetivo: Perfil;MEDIO;3
ACTIVIDAD;12/17/2025 17:34;Accion: Login, Objetivo: Perfil;ALTO;1
ACTIVIDAD;7/15/2025 12:09;Accion: Compra, Objetivo: Producto;BAJO;1
ACTIVIDAD;3/25/2026 6:49;Accion: Login, Objetivo: Sistema;BAJO;1
ACTIVIDAD;1/13/2026 23:00;Accion: Busqueda, Objetivo: Sistema;ALTO;1
UBICACION;6/27/2025 1:14;Lat: 38.8545, Lon: -4.8397;ALTO;2
UBICACION;12/11/2025 19:32;Lat: 40.6648, Lon: -6.7601;ALTO;3
UBICACION;7/15/2025 9:25;Lat: 37.9759, Lon: 0.9701;ALTO;2
UBICACION;11/3/2025 0:45;Lat: 40.7982, Lon: -8.5526;BAJO;1
UBICACION;1/22/2026 6:35;Lat: 42.5491, Lon: 1.7823;ALTO;1
ACTIVIDAD;10/23/2025 12:08;Accion: Busqueda, Objetivo: Producto;ALTO;1
UBICACION;2/17/2026 21:41;Lat: 39.5061, Lon: -2.8413;ALTO;1
ACTIVIDAD;6/22/2025 14:43;Accion: Compra, Objetivo: Sistema;BAJO;2
ACTIVIDAD;3/17/2026 17:47;Accion: Logout, Objetivo: Sistema;BAJO;1
ACTIVIDAD;10/27/2025 20:30;Accion: Compra, Objetivo: Producto;MEDIO;2
UBICACION;6/5/2025 7:15;Lat: 39.0597, Lon: 0.7093;MEDIO;3
UBICACION;3/27/2026 14:28;Lat: 40.9847, Lon: -4.8977;ALTO;3
ACTIVIDAD;10/6/2025 16:47;Accion: Compra, Objetivo: Producto;BAJO;3
ACTIVIDAD;3/9/2026 23:04;Accion: Compra, Objetivo: Perfil;MEDIO;2
ACTIVIDAD;3/19/2026 9:14;Accion: Login, Objetivo: Producto;MEDIO;3
ACTIVIDAD;7/31/2025 12:08;Accion: Busqueda, Objetivo: Perfil;MEDIO;1
ACTIVIDAD;2/17/2026 21:13;Accion: Login, Objetivo: Perfil;ALTO;3
UBICACION;6/11/2025 18:42;Lat: 38.8474, Lon: -8.7808;BAJO;2
ACTIVIDAD;2/1/2026 10:17;Accion: Logout, Objetivo: Producto;MEDIO;1
ACTIVIDAD;3/18/2026 21:45;Accion: Compra, Objetivo: Sistema;ALTO;2
UBICACION;1/28/2026 15:07;Lat: 42.4351, Lon: -3.6711;BAJO;1
ACTIVIDAD;5/1/2026 8:51;Accion: Busqueda, Objetivo: Producto;MEDIO;1
UBICACION;3/24/2026 13:39;Lat: 39.2703, Lon: -5.3507;ALTO;2
UBICACION;6/18/2025 16:54;Lat: 37.7979, Lon: 0.1783;MEDIO;3
ACTIVIDAD;10/14/2025 15:15;Accion: Compra, Objetivo: Producto;MEDIO;2
ACTIVIDAD;3/25/2026 1:16;Accion: Logout, Objetivo: Sistema;BAJO;3
ACTIVIDAD;1/14/2026 4:48;Accion: Login, Objetivo: Sistema;MEDIO;2
ACTIVIDAD;5/11/2026 3:20;Accion: Busqueda, Objetivo: Sistema;MEDIO;3
UBICACION;8/22/2025 3:46;Lat: 37.8020, Lon: -8.4974;MEDIO;3
UBICACION;10/2/2025 3:42;Lat: 37.4761, Lon: -1.3738;ALTO;2
ACTIVIDAD;9/30/2025 7:29;Accion: Compra, Objetivo: Perfil;MEDIO;1
ACTIVIDAD;7/3/2025 13:01;Accion: Login, Objetivo: Producto;MEDIO;3
ACTIVIDAD;4/18/2026 20:23;Accion: Login, Objetivo: Perfil;BAJO;2
ACTIVIDAD;4/10/2026 19:19;Accion: Busqueda, Objetivo: Sistema;BAJO;1
UBICACION;7/9/2025 1:59;Lat: 37.6202, Lon: -2.0994;MEDIO;2
UBICACION;7/29/2025 3:18;Lat: 39.4505, Lon: 1.0071;BAJO;1
ACTIVIDAD;3/22/2026 18:30;Accion: Login, Objetivo: Producto;ALTO;2
ACTIVIDAD;7/9/2025 9:31;Accion: Busqueda, Objetivo: Producto;MEDIO;1
UBICACION;4/21/2026 12:40;Lat: 37.9396, Lon: -2.4526;MEDIO;1
ACTIVIDAD;1/19/2026 12:05;Accion: Busqueda, Objetivo: Perfil;ALTO;2
UBICACION;9/15/2025 12:01;Lat: 41.1174, Lon: 0.3554;MEDIO;2
ACTIVIDAD;2/10/2026 11:56;Accion: Login, Objetivo: Sistema;ALTO;3
ACTIVIDAD;5/16/2025 13:10;Accion: Login, Objetivo: Sistema;BAJO;1
ACTIVIDAD;9/2/2025 16:19;Accion: Busqueda, Objetivo: Sistema;BAJO;3
ACTIVIDAD;3/14/2026 9:03;Accion: Busqueda, Objetivo: Sistema;MEDIO;3
ACTIVIDAD;1/12/2026 1:38;Accion: Logout, Objetivo: Perfil;MEDIO;2
UBICACION;11/25/2025 18:58;Lat: 38.6271, Lon: -5.8236;BAJO;3
ACTIVIDAD;6/18/2025 11:51;Accion: Busqueda, Objetivo: Sistema;ALTO;2
UBICACION;12/5/2025 20:12;Lat: 42.2257, Lon: 1.5230;MEDIO;1
ACTIVIDAD;3/1/2026 8:48;Accion: Busqueda, Objetivo: Perfil;MEDIO;3
ACTIVIDAD;2/26/2026 5:26;Accion: Compra, Objetivo: Producto;MEDIO;1
ACTIVIDAD;12/10/2025 16:28;Accion: Compra, Objetivo: Perfil;MEDIO;2
UBICACION;10/25/2025 18:40;Lat: 42.5962, Lon: 2.4664;ALTO;3
UBICACION;7/25/2025 0:43;Lat: 41.8844, Lon: -3.1122;MEDIO;1
UBICACION;12/11/2025 18:11;Lat: 38.9687, Lon: -2.8694;BAJO;3
UBICACION;2/7/2026 0:00;Lat: 39.4727, Lon: -4.9225;BAJO;1
ACTIVIDAD;2/2/2026 14:39;Accion: Login, Objetivo: Sistema;ALTO;3
UBICACION;10/8/2025 16:58;Lat: 37.5602, Lon: 1.3939;BAJO;2
ACTIVIDAD;5/18/2025 23:43;Accion: Login, Objetivo: Sistema;BAJO;1
UBICACION;6/16/2025 15:35;Lat: 36.2988, Lon: -5.1436;MEDIO;2
ACTIVIDAD;1/11/2026 6:59;Accion: Login, Objetivo: Producto;BAJO;2
UBICACION;12/10/2025 17:45;Lat: 41.7953, Lon: -3.8563;BAJO;3
UBICACION;11/1/2025 2:18;Lat: 37.6941, Lon: -2.1211;ALTO;2
UBICACION;7/22/2025 12:53;Lat: 41.3265, Lon: 1.0026;MEDIO;1
ACTIVIDAD;5/27/2025 13:17;Accion: Compra, Objetivo: Producto;MEDIO;1
ACTIVIDAD;3/11/2026 8:07;Accion: Compra, Objetivo: Sistema;MEDIO;1
UBICACION;4/21/2026 19:33;Lat: 38.2906, Lon: -5.7764;ALTO;3
ACTIVIDAD;9/15/2025 21:23;Accion: Compra, Objetivo: Producto;MEDIO;2
UBICACION;2/4/2026 0:09;Lat: 42.4617, Lon: -2.8595;ALTO;2
UBICACION;11/1/2025 15:38;Lat: 37.0712, Lon: 0.5087;BAJO;3
UBICACION;9/8/2025 14:08;Lat: 38.6948, Lon: 0.9740;MEDIO;1
UBICACION;12/24/2025 3:26;Lat: 37.4694, Lon: -0.8500;ALTO;3
UBICACION;7/6/2025 17:03;Lat: 42.8749, Lon: -3.1387;MEDIO;1
UBICACION;10/23/2025 2:15;Lat: 39.4267, Lon: -2.2595;BAJO;1
UBICACION;9/25/2025 21:58;Lat: 37.6558, Lon: -7.5329;MEDIO;3
ACTIVIDAD;8/5/2025 22:54;Accion: Login, Objetivo: Producto;ALTO;3
UBICACION;3/18/2026 10:10;Lat: 38.5422, Lon: 1.3067;BAJO;1
ACTIVIDAD;6/2/2025 14:00;Accion: Login, Objetivo: Perfil;BAJO;2
ACTIVIDAD;3/22/2026 1:47;Accion: Logout, Objetivo: Perfil;ALTO;1
UBICACION;10/3/2025 15:07;Lat: 41.0732, Lon: -1.8804;BAJO;1
ACTIVIDAD;3/25/2026 4:36;Accion: Logout, Objetivo: Producto;BAJO;2
ACTIVIDAD;2/22/2026 7:58;Accion: Logout, Objetivo: Sistema;BAJO;3
UBICACION;8/28/2025 23:39;Lat: 40.2598, Lon: -0.8844;ALTO;3
ACTIVIDAD;1/19/2026 14:39;Accion: Busqueda, Objetivo: Producto;BAJO;2
UBICACION;4/14/2026 23:45;Lat: 38.1213, Lon: -1.4074;ALTO;2
UBICACION;7/19/2025 19:58;Lat: 39.8341, Lon: -3.6541;MEDIO;2
ACTIVIDAD;9/21/2025 15:20;Accion: Busqueda, Objetivo: Sistema;ALTO;1
ACTIVIDAD;10/23/2025 0:09;Accion: Login, Objetivo: Sistema;ALTO;1
ACTIVIDAD;5/19/2025 17:42;Accion: Logout, Objetivo: Perfil;BAJO;1
UBICACION;2/16/2026 11:36;Lat: 40.5447, Lon: -4.8471;MEDIO;2
UBICACION;4/9/2026 4:14;Lat: 42.8990, Lon: 1.7751;MEDIO;2
ACTIVIDAD;10/27/2025 3:40;Accion: Login, Objetivo: Perfil;BAJO;2
ACTIVIDAD;2/11/2026 10:53;Accion: Logout, Objetivo: Producto;MEDIO;1
UBICACION;2/11/2026 0:55;Lat: 37.0805, Lon: -8.1601;MEDIO;1
ACTIVIDAD;6/9/2025 9:22;Accion: Logout, Objetivo: Sistema;BAJO;1
ACTIVIDAD;5/31/2025 1:33;Accion: Logout, Objetivo: Producto;MEDIO;3
ACTIVIDAD;8/31/2025 14:59;Accion: Logout, Objetivo: Producto;ALTO;3
UBICACION;9/28/2025 6:18;Lat: 38.4143, Lon: 0.0513;ALTO;1
ACTIVIDAD;9/19/2025 0:15;Accion: Logout, Objetivo: Producto;MEDIO;2
ACTIVIDAD;1/7/2026 6:07;Accion: Login, Objetivo: Producto;ALTO;3
ACTIVIDAD;12/28/2025 6:06;Accion: Logout, Objetivo: Producto;ALTO;1
ACTIVIDAD;8/12/2025 8:57;Accion: Compra, Objetivo: Perfil;MEDIO;1
ACTIVIDAD;3/31/2026 15:09;Accion: Busqueda, Objetivo: Perfil;BAJO;2
UBICACION;8/7/2025 20:27;Lat: 39.3119, Lon: -7.3533;MEDIO;3
ACTIVIDAD;7/5/2025 16:12;Accion: Compra, Objetivo: Perfil;ALTO;3
UBICACION;10/29/2025 10:58;Lat: 39.4864, Lon: -6.8274;MEDIO;1
UBICACION;12/26/2025 14:05;Lat: 38.1006, Lon: -5.1432;MEDIO;1
UBICACION;3/18/2026 10:12;Lat: 40.2174, Lon: -4.1124;MEDIO;2
ACTIVIDAD;1/6/2026 13:00;Accion: Logout, Objetivo: Sistema;BAJO;2
UBICACION;4/22/2026 12:10;Lat: 39.1128, Lon: -0.2614;ALTO;1
ACTIVIDAD;6/12/2025 18:23;Accion: Logout, Objetivo: Perfil;BAJO;2
UBICACION;10/8/2025 14:12;Lat: 36.3265, Lon: 0.2565;MEDIO;1
UBICACION;1/17/2026 19:36;Lat: 41.9120, Lon: 0.4245;BAJO;3
ACTIVIDAD;11/4/2025 8:44;Accion: Logout, Objetivo: Producto;ALTO;3
UBICACION;4/13/2026 11:32;Lat: 40.1499, Lon: -6.0235;ALTO;1
UBICACION;9/6/2025 22:30;Lat: 36.8738, Lon: -4.4677;BAJO;2
UBICACION;12/23/2025 13:46;Lat: 36.0867, Lon: -1.8249;ALTO;3
ACTIVIDAD;12/11/2025 11:32;Accion: Busqueda, Objetivo: Producto;ALTO;1
UBICACION;7/24/2025 7:16;Lat: 41.4104, Lon: -7.0475;BAJO;2
UBICACION;9/15/2025 11:13;Lat: 40.6335, Lon: -2.2799;BAJO;3
UBICACION;2/22/2026 19:09;Lat: 37.4505, Lon: -8.9248;BAJO;1
ACTIVIDAD;4/12/2026 11:00;Accion: Compra, Objetivo: Producto;BAJO;2
UBICACION;5/4/2026 1:57;Lat: 41.1506, Lon: -4.9447;ALTO;3
UBICACION;10/28/2025 1:49;Lat: 36.2924, Lon: -1.6617;MEDIO;2
UBICACION;6/3/2025 1:31;Lat: 36.8248, Lon: -2.1810;MEDIO;2
ACTIVIDAD;1/4/2026 18:51;Accion: Busqueda, Objetivo: Producto;BAJO;2
UBICACION;3/10/2026 21:24;Lat: 36.2785, Lon: 2.3266;BAJO;1
ACTIVIDAD;3/26/2026 19:16;Accion: Compra, Objetivo: Sistema;BAJO;3
UBICACION;10/21/2025 20:20;Lat: 36.4900, Lon: -0.3084;MEDIO;2
UBICACION;3/8/2026 9:30;Lat: 42.9515, Lon: 1.9194;MEDIO;2
ACTIVIDAD;12/13/2025 23:52;Accion: Logout, Objetivo: Producto;BAJO;3
UBICACION;6/26/2025 23:40;Lat: 41.8738, Lon: -4.5100;MEDIO;1
ACTIVIDAD;10/20/2025 3:44;Accion: Logout, Objetivo: Sistema;BAJO;2
UBICACION;7/12/2025 1:06;Lat: 42.8653, Lon: -7.8986;ALTO;2
UBICACION;11/13/2025 20:11;Lat: 38.1298, Lon: 2.1644;ALTO;3
UBICACION;8/14/2025 17:48;Lat: 42.2700, Lon: -3.1351;ALTO;3
UBICACION;7/15/2025 22:58;Lat: 38.9264, Lon: 0.1347;ALTO;3
UBICACION;5/1/2026 14:08;Lat: 38.2644, Lon: -1.4685;BAJO;1
ACTIVIDAD;5/29/2025 15:13;Accion: Compra, Objetivo: Sistema;BAJO;1
ACTIVIDAD;7/23/2025 20:03;Accion: Login, Objetivo: Producto;MEDIO;2
UBICACION;2/16/2026 13:07;Lat: 39.3685, Lon: -0.8588;BAJO;3
UBICACION;9/2/2025 21:09;Lat: 42.5127, Lon: 1.2240;ALTO;2
ACTIVIDAD;12/4/2025 22:57;Accion: Busqueda, Objetivo: Perfil;ALTO;2
ACTIVIDAD;11/12/2025 6:51;Accion: Logout, Objetivo: Producto;MEDIO;3
ACTIVIDAD;2/19/2026 8:54;Accion: Compra, Objetivo: Producto;MEDIO;2
UBICACION;9/22/2025 18:12;Lat: 38.6897, Lon: -7.7879;BAJO;1
UBICACION;7/16/2025 21:45;Lat: 36.8296, Lon: -6.7293;BAJO;1
ACTIVIDAD;1/6/2026 14:30;Accion: Busqueda, Objetivo: Sistema;ALTO;2
UBICACION;4/23/2026 4:26;Lat: 40.1297, Lon: -1.3016;BAJO;2
ACTIVIDAD;9/29/2025 10:50;Accion: Logout, Objetivo: Perfil;MEDIO;2
ACTIVIDAD;4/18/2026 1:39;Accion: Busqueda, Objetivo: Perfil;BAJO;3
UBICACION;9/20/2025 23:20;Lat: 39.6200, Lon: -7.1049;ALTO;2
ACTIVIDAD;6/9/2025 22:48;Accion: Busqueda, Objetivo: Producto;BAJO;3
UBICACION;3/24/2026 3:55;Lat: 40.2194, Lon: -2.1132;MEDIO;3
ACTIVIDAD;11/1/2025 9:30;Accion: Login, Objetivo: Perfil;BAJO;1
ACTIVIDAD;7/19/2025 15:17;Accion: Busqueda, Objetivo: Sistema;ALTO;2
ACTIVIDAD;7/19/2025 18:17;Accion: Compra, Objetivo: Perfil;ALTO;1
ACTIVIDAD;10/29/2025 2:52;Accion: Logout, Objetivo: Sistema;ALTO;2
UBICACION;6/5/2025 22:31;Lat: 40.3609, Lon: -3.3653;BAJO;1
UBICACION;8/6/2025 22:21;Lat: 39.4648, Lon: -8.0918;ALTO;3
ACTIVIDAD;1/15/2026 1:48;Accion: Login, Objetivo: Perfil;MEDIO;2
ACTIVIDAD;2/20/2026 2:38;Accion: Logout, Objetivo: Perfil;BAJO;2
ACTIVIDAD;12/16/2025 1:06;Accion: Compra, Objetivo: Perfil;BAJO;2
UBICACION;12/2/2025 11:30;Lat: 42.1710, Lon: 0.9084;ALTO;2
UBICACION;4/24/2026 17:36;Lat: 39.7024, Lon: -5.7984;BAJO;3
UBICACION;12/22/2025 19:54;Lat: 36.4975, Lon: 0.2483;MEDIO;2
UBICACION;4/13/2026 8:58;Lat: 41.3751, Lon: -2.7530;BAJO;1
UBICACION;2/21/2026 1:52;Lat: 37.3452, Lon: -7.9739;BAJO;3
ACTIVIDAD;2/21/2026 19:26;Accion: Logout, Objetivo: Producto;BAJO;1
UBICACION;4/10/2026 5:57;Lat: 37.4321, Lon: 1.5615;BAJO;2
ACTIVIDAD;5/2/2026 8:01;Accion: Login, Objetivo: Sistema;MEDIO;2
ACTIVIDAD;11/17/2025 0:44;Accion: Busqueda, Objetivo: Producto;ALTO;3
UBICACION;10/2/2025 18:44;Lat: 39.9716, Lon: -8.9344;MEDIO;2
ACTIVIDAD;1/7/2026 10:38;Accion: Login, Objetivo: Sistema;BAJO;1
UBICACION;9/27/2025 21:16;Lat: 37.1066, Lon: -3.4719;ALTO;1
UBICACION;8/27/2025 22:08;Lat: 38.5524, Lon: -0.6965;BAJO;2
UBICACION;1/11/2026 6:32;Lat: 37.9638, Lon: 1.7876;MEDIO;3
UBICACION;9/9/2025 20:33;Lat: 41.4729, Lon: 2.6312;ALTO;2
UBICACION;9/25/2025 23:53;Lat: 38.1394, Lon: 1.7502;BAJO;2
UBICACION;1/10/2026 13:35;Lat: 40.9426, Lon: -8.7326;BAJO;1
ACTIVIDAD;4/12/2026 8:35;Accion: Login, Objetivo: Sistema;ALTO;3
ACTIVIDAD;1/10/2026 7:49;Accion: Busqueda, Objetivo: Sistema;ALTO;3
ACTIVIDAD;4/23/2026 13:18;Accion: Compra, Objetivo: Sistema;BAJO;2
UBICACION;1/29/2026 23:55;Lat: 36.9206, Lon: -2.9275;MEDIO;1
UBICACION;2/19/2026 2:42;Lat: 38.6433, Lon: -2.6004;BAJO;2
ACTIVIDAD;6/13/2025 19:59;Accion: Logout, Objetivo: Sistema;ALTO;1
UBICACION;6/14/2025 14:30;Lat: 41.7941, Lon: -4.7290;MEDIO;1
UBICACION;6/1/2025 0:05;Lat: 38.2797, Lon: -6.5641;MEDIO;2
ACTIVIDAD;1/1/2026 15:32;Accion: Compra, Objetivo: Perfil;BAJO;1
UBICACION;7/13/2025 1:21;Lat: 36.6695, Lon: -7.9131;MEDIO;2
ACTIVIDAD;5/27/2025 21:10;Accion: Logout, Objetivo: Producto;BAJO;2
ACTIVIDAD;12/4/2025 13:24;Accion: Login, Objetivo: Sistema;MEDIO;1
UBICACION;8/13/2025 7:03;Lat: 41.0694, Lon: -3.6052;BAJO;2
ACTIVIDAD;11/7/2025 15:54;Accion: Logout, Objetivo: Sistema;MEDIO;2
UBICACION;10/30/2025 18:07;Lat: 39.1376, Lon: -6.3731;MEDIO;2
ACTIVIDAD;6/28/2025 13:34;Accion: Busqueda, Objetivo: Producto;ALTO;3
UBICACION;7/22/2025 6:53;Lat: 38.6035, Lon: 2.3227;BAJO;3
UBICACION;9/4/2025 8:48;Lat: 37.2449, Lon: 1.9555;MEDIO;2
UBICACION;7/26/2025 5:29;Lat: 40.6061, Lon: -2.4392;BAJO;2
UBICACION;12/1/2025 6:38;Lat: 40.8550, Lon: 1.3324;MEDIO;1
UBICACION;12/12/2025 18:37;Lat: 37.0170, Lon: -0.6810;MEDIO;2
ACTIVIDAD;9/5/2025 7:02;Accion: Login, Objetivo: Perfil;ALTO;1
UBICACION;10/23/2025 10:39;Lat: 40.7315, Lon: -5.4770;BAJO;1
UBICACION;3/27/2026 12:33;Lat: 36.3087, Lon: -3.6954;BAJO;3
ACTIVIDAD;10/6/2025 1:00;Accion: Logout, Objetivo: Producto;BAJO;1
UBICACION;12/18/2025 10:50;Lat: 39.4014, Lon: 0.0902;BAJO;2
ACTIVIDAD;6/25/2025 13:15;Accion: Logout, Objetivo: Producto;MEDIO;2
UBICACION;11/28/2025 3:32;Lat: 41.4249, Lon: -8.3886;BAJO;3
ACTIVIDAD;4/1/2026 6:29;Accion: Busqueda, Objetivo: Perfil;ALTO;1
ACTIVIDAD;3/24/2026 1:45;Accion: Compra, Objetivo: Perfil;BAJO;2
UBICACION;11/23/2025 0:07;Lat: 41.0756, Lon: -4.2154;MEDIO;2
UBICACION;12/8/2025 23:02;Lat: 36.7268, Lon: -6.9361;BAJO;1
UBICACION;1/3/2026 6:23;Lat: 36.8260, Lon: -0.5890;MEDIO;2
UBICACION;9/6/2025 4:40;Lat: 40.4617, Lon: 0.8964;MEDIO;3
ACTIVIDAD;8/17/2025 10:39;Accion: Compra, Objetivo: Perfil;BAJO;2
ACTIVIDAD;3/16/2026 5:16;Accion: Busqueda, Objetivo: Sistema;ALTO;2
ACTIVIDAD;10/13/2025 1:12;Accion: Login, Objetivo: Sistema;ALTO;3
ACTIVIDAD;12/3/2025 11:29;Accion: Busqueda, Objetivo: Perfil;BAJO;2
UBICACION;4/6/2026 0:00;Lat: 40.2409, Lon: -7.7525;MEDIO;3
ACTIVIDAD;9/13/2025 8:03;Accion: Login, Objetivo: Producto;ALTO;2
UBICACION;3/14/2026 6:17;Lat: 37.2771, Lon: -8.9310;ALTO;2
UBICACION;3/3/2026 3:26;Lat: 40.5015, Lon: -3.6551;ALTO;1
ACTIVIDAD;3/24/2026 7:38;Accion: Compra, Objetivo: Producto;MEDIO;1
UBICACION;7/6/2025 16:48;Lat: 42.7784, Lon: 1.5978;MEDIO;1
ACTIVIDAD;9/1/2025 8:17;Accion: Busqueda, Objetivo: Producto;BAJO;1
UBICACION;10/16/2025 16:12;Lat: 38.2977, Lon: -8.9811;BAJO;1
ACTIVIDAD;9/29/2025 18:42;Accion: Logout, Objetivo: Sistema;BAJO;3
ACTIVIDAD;7/10/2025 21:51;Accion: Logout, Objetivo: Perfil;ALTO;1
ACTIVIDAD;3/14/2026 21:01;Accion: Login, Objetivo: Perfil;MEDIO;3
ACTIVIDAD;3/10/2026 10:03;Accion: Login, Objetivo: Producto;ALTO;2
UBICACION;10/14/2025 21:04;Lat: 42.4620, Lon: -7.0376;ALTO;1
ACTIVIDAD;7/16/2025 2:48;Accion: Compra, Objetivo: Perfil;MEDIO;3
ACTIVIDAD;1/14/2026 10:43;Accion: Login, Objetivo: Perfil;MEDIO;2
UBICACION;1/3/2026 3:46;Lat: 41.4436, Lon: -8.8183;ALTO;3
ACTIVIDAD;4/25/2026 3:08;Accion: Logout, Objetivo: Perfil;BAJO;2
ACTIVIDAD;5/3/2026 1:53;Accion: Login, Objetivo: Sistema;ALTO;3
ACTIVIDAD;11/2/2025 12:08;Accion: Logout, Objetivo: Producto;ALTO;3
ACTIVIDAD;4/6/2026 15:32;Accion: Login, Objetivo: Sistema;MEDIO;1
UBICACION;4/8/2026 14:45;Lat: 40.5024, Lon: -3.9056;MEDIO;2
ACTIVIDAD;4/20/2026 4:09;Accion: Compra, Objetivo: Producto;BAJO;3
UBICACION;9/11/2025 6:00;Lat: 38.8199, Lon: -3.6150;MEDIO;3
ACTIVIDAD;11/1/2025 15:49;Accion: Busqueda, Objetivo: Producto;MEDIO;2
UBICACION;5/24/2025 5:49;Lat: 37.6788, Lon: -8.2078;MEDIO;3
ACTIVIDAD;3/25/2026 9:44;Accion: Login, Objetivo: Sistema;BAJO;1
UBICACION;5/7/2026 18:44;Lat: 37.7506, Lon: -2.6846;BAJO;1
UBICACION;11/20/2025 20:50;Lat: 38.9069, Lon: -8.2401;MEDIO;1
ACTIVIDAD;10/10/2025 11:46;Accion: Busqueda, Objetivo: Producto;ALTO;2
ACTIVIDAD;5/2/2026 10:14;Accion: Busqueda, Objetivo: Sistema;ALTO;1
ACTIVIDAD;1/5/2026 8:46;Accion: Login, Objetivo: Perfil;BAJO;1
ACTIVIDAD;3/15/2026 2:27;Accion: Compra, Objetivo: Perfil;ALTO;2
ACTIVIDAD;10/10/2025 2:08;Accion: Busqueda, Objetivo: Perfil;MEDIO;2
ACTIVIDAD;2/7/2026 10:00;Accion: Busqueda, Objetivo: Sistema;ALTO;1
UBICACION;2/16/2026 1:02;Lat: 36.8638, Lon: 0.2712;BAJO;1
ACTIVIDAD;9/22/2025 15:28;Accion: Busqueda, Objetivo: Producto;MEDIO;3
ACTIVIDAD;9/14/2025 17:26;Accion: Logout, Objetivo: Sistema;ALTO;1
UBICACION;6/28/2025 6:46;Lat: 36.5442, Lon: -3.6997;BAJO;3
UBICACION;5/12/2026 2:39;Lat: 38.4613, Lon: -2.6205;BAJO;2
UBICACION;7/9/2025 22:58;Lat: 38.4534, Lon: -0.6392;ALTO;2
UBICACION;4/29/2026 5:11;Lat: 41.4686, Lon: -4.6344;BAJO;1
UBICACION;1/1/2026 17:03;Lat: 39.8676, Lon: -0.7437;BAJO;1
UBICACION;11/20/2025 15:58;Lat: 42.8745, Lon: 2.4319;MEDIO;2
UBICACION;6/3/2025 0:51;Lat: 42.3220, Lon: -8.5392;BAJO;2
ACTIVIDAD;10/6/2025 12:07;Accion: Compra, Objetivo: Perfil;MEDIO;1
ACTIVIDAD;1/19/2026 8:26;Accion: Busqueda, Objetivo: Sistema;ALTO;2
ACTIVIDAD;1/4/2026 20:01;Accion: Compra, Objetivo: Sistema;BAJO;3
UBICACION;5/20/2025 9:57;Lat: 41.6589, Lon: -2.5872;MEDIO;2
UBICACION;6/23/2025 4:37;Lat: 42.8897, Lon: -5.4819;BAJO;1
UBICACION;10/15/2025 12:04;Lat: 38.7004, Lon: -6.5222;BAJO;1
ACTIVIDAD;9/17/2025 20:58;Accion: Login, Objetivo: Perfil;MEDIO;1
UBICACION;2/17/2026 9:48;Lat: 40.7777, Lon: 0.8291;MEDIO;3
ACTIVIDAD;6/9/2025 7:15;Accion: Busqueda, Objetivo: Perfil;ALTO;2
UBICACION;4/29/2026 21:45;Lat: 40.7606, Lon: -1.9726;ALTO;1
ACTIVIDAD;6/21/2025 2:58;Accion: Busqueda, Objetivo: Sistema;BAJO;1
UBICACION;5/17/2025 16:44;Lat: 38.3711, Lon: -0.5320;ALTO;3
UBICACION;3/21/2026 23:48;Lat: 41.4008, Lon: -6.8576;ALTO;3
UBICACION;8/14/2025 22:00;Lat: 38.5391, Lon: -2.6323;MEDIO;2
UBICACION;10/28/2025 9:10;Lat: 36.9960, Lon: 2.8792;ALTO;2
UBICACION;5/2/2026 6:06;Lat: 42.8836, Lon: 2.4695;BAJO;2
UBICACION;9/29/2025 8:53;Lat: 39.6512, Lon: -2.0226;BAJO;1
ACTIVIDAD;2/23/2026 8:51;Accion: Busqueda, Objetivo: Sistema;BAJO;3
UBICACION;9/9/2025 17:56;Lat: 39.4026, Lon: -2.8192;BAJO;1
UBICACION;9/4/2025 22:57;Lat: 39.5739, Lon: -6.3774;ALTO;1
UBICACION;7/9/2025 0:35;Lat: 39.7495, Lon: -2.4057;BAJO;3
UBICACION;8/6/2025 19:32;Lat: 40.6057, Lon: 2.7331;BAJO;1
ACTIVIDAD;1/15/2026 11:39;Accion: Login, Objetivo: Producto;BAJO;2
ACTIVIDAD;7/7/2025 16:44;Accion: Logout, Objetivo: Sistema;MEDIO;3
ACTIVIDAD;7/31/2025 17:02;Accion: Logout, Objetivo: Producto;BAJO;1
ACTIVIDAD;4/3/2026 2:00;Accion: Login, Objetivo: Sistema;ALTO;2
UBICACION;9/22/2025 8:52;Lat: 41.3882, Lon: 0.4884;ALTO;1
ACTIVIDAD;3/4/2026 23:03;Accion: Login, Objetivo: Perfil;BAJO;1
ACTIVIDAD;11/1/2025 17:31;Accion: Busqueda, Objetivo: Perfil;BAJO;2
ACTIVIDAD;10/3/2025 19:56;Accion: Logout, Objetivo: Perfil;ALTO;1
UBICACION;8/30/2025 2:07;Lat: 42.4030, Lon: -8.1970;BAJO;3
UBICACION;8/4/2025 23:24;Lat: 40.4436, Lon: -8.8050;ALTO;3
ACTIVIDAD;6/2/2025 22:48;Accion: Compra, Objetivo: Sistema;BAJO;3
ACTIVIDAD;9/24/2025 15:21;Accion: Busqueda, Objetivo: Perfil;MEDIO;3
UBICACION;8/1/2025 0:46;Lat: 36.9857, Lon: -2.6119;MEDIO;1
UBICACION;12/3/2025 10:11;Lat: 42.6827, Lon: -3.1478;BAJO;1
UBICACION;1/6/2026 13:44;Lat: 41.5329, Lon: 1.8340;ALTO;2
UBICACION;5/5/2026 10:56;Lat: 37.7940, Lon: 2.7143;BAJO;1
ACTIVIDAD;4/5/2026 19:20;Accion: Login, Objetivo: Sistema;BAJO;3
UBICACION;6/23/2025 20:58;Lat: 36.2092, Lon: -0.5516;BAJO;2
ACTIVIDAD;5/16/2025 7:21;Accion: Login, Objetivo: Perfil;MEDIO;3
UBICACION;3/1/2026 19:21;Lat: 36.9118, Lon: -6.1287;MEDIO;3
ACTIVIDAD;8/25/2025 12:19;Accion: Login, Objetivo: Sistema;MEDIO;1
ACTIVIDAD;6/20/2025 16:24;Accion: Logout, Objetivo: Sistema;BAJO;3
UBICACION;2/23/2026 5:25;Lat: 38.8887, Lon: 0.1223;BAJO;3
ACTIVIDAD;11/8/2025 15:51;Accion: Busqueda, Objetivo: Producto;BAJO;1
ACTIVIDAD;9/11/2025 15:30;Accion: Login, Objetivo: Producto;BAJO;1
UBICACION;1/8/2026 19:13;Lat: 40.6227, Lon: -0.5047;BAJO;2
UBICACION;8/10/2025 8:42;Lat: 40.5894, Lon: 0.4470;ALTO;2
UBICACION;4/5/2026 6:28;Lat: 39.7932, Lon: 2.8272;BAJO;2
ACTIVIDAD;4/6/2026 23:56;Accion: Compra, Objetivo: Producto;MEDIO;2
UBICACION;12/17/2025 3:34;Lat: 39.4248, Lon: 0.0723;BAJO;3
UBICACION;9/3/2025 20:28;Lat: 41.1579, Lon: -0.0442;ALTO;3
ACTIVIDAD;3/22/2026 11:17;Accion: Compra, Objetivo: Sistema;ALTO;2
UBICACION;12/22/2025 23:11;Lat: 39.2350, Lon: 2.4373;ALTO;3
ACTIVIDAD;11/22/2025 12:20;Accion: Login, Objetivo: Sistema;BAJO;1
ACTIVIDAD;8/26/2025 2:25;Accion: Busqueda, Objetivo: Producto;ALTO;1
ACTIVIDAD;8/4/2025 12:32;Accion: Logout, Objetivo: Perfil;MEDIO;2
UBICACION;9/2/2025 15:13;Lat: 36.0046, Lon: -8.7312;BAJO;2
UBICACION;8/21/2025 2:37;Lat: 36.0053, Lon: -0.2750;BAJO;2
UBICACION;11/19/2025 14:57;Lat: 38.8702, Lon: -3.8172;BAJO;3
ACTIVIDAD;7/29/2025 17:25;Accion: Login, Objetivo: Sistema;ALTO;1
ACTIVIDAD;5/7/2026 17:02;Accion: Login, Objetivo: Perfil;MEDIO;3
ACTIVIDAD;2/21/2026 12:43;Accion: Compra, Objetivo: Sistema;MEDIO;3
UBICACION;1/15/2026 10:55;Lat: 38.1426, Lon: -5.9141;MEDIO;1
UBICACION;7/6/2025 20:06;Lat: 39.9774, Lon: 2.3959;MEDIO;1
UBICACION;8/25/2025 19:19;Lat: 39.7492, Lon: -5.4210;ALTO;3
UBICACION;6/27/2025 23:16;Lat: 40.5536, Lon: 2.5742;MEDIO;1
ACTIVIDAD;10/11/2025 3:41;Accion: Login, Objetivo: Producto;MEDIO;3
ACTIVIDAD;8/19/2025 23:41;Accion: Busqueda, Objetivo: Perfil;BAJO;2
ACTIVIDAD;1/14/2026 23:20;Accion: Login, Objetivo: Producto;ALTO;1
ACTIVIDAD;12/7/2025 20:50;Accion: Busqueda, Objetivo: Producto;MEDIO;3
ACTIVIDAD;11/13/2025 18:23;Accion: Compra, Objetivo: Perfil;MEDIO;1
UBICACION;1/9/2026 12:46;Lat: 37.9036, Lon: 1.0659;MEDIO;3
UBICACION;1/16/2026 18:07;Lat: 37.4249, Lon: -2.2780;ALTO;2
ACTIVIDAD;9/28/2025 9:00;Accion: Logout, Objetivo: Perfil;ALTO;2
ACTIVIDAD;11/26/2025 6:30;Accion: Compra, Objetivo: Sistema;BAJO;2
UBICACION;4/17/2026 20:57;Lat: 42.9930, Lon: -4.6383;ALTO;2
ACTIVIDAD;12/10/2025 22:54;Accion: Logout, Objetivo: Sistema;ALTO;1
ACTIVIDAD;8/10/2025 18:57;Accion: Login, Objetivo: Perfil;MEDIO;1
UBICACION;2/8/2026 12:14;Lat: 38.0086, Lon: -5.7499;BAJO;1
ACTIVIDAD;3/5/2026 1:28;Accion: Compra, Objetivo: Sistema;MEDIO;2
UBICACION;4/27/2026 18:11;Lat: 36.3288, Lon: -2.6569;MEDIO;1
ACTIVIDAD;11/22/2025 9:51;Accion: Login, Objetivo: Perfil;ALTO;2
ACTIVIDAD;2/18/2026 20:49;Accion: Busqueda, Objetivo: Producto;MEDIO;2
ACTIVIDAD;10/17/2025 0:33;Accion: Login, Objetivo: Sistema;BAJO;1
UBICACION;10/4/2025 19:20;Lat: 39.6701, Lon: -4.1524;ALTO;1
UBICACION;5/19/2025 9:26;Lat: 40.7664, Lon: -7.1653;BAJO;2
ACTIVIDAD;12/11/2025 16:49;Accion: Logout, Objetivo: Perfil;BAJO;3
UBICACION;12/2/2025 8:40;Lat: 40.5957, Lon: -8.7997;ALTO;2
ACTIVIDAD;11/15/2025 18:30;Accion: Busqueda, Objetivo: Perfil;ALTO;1
ACTIVIDAD;4/16/2026 20:37;Accion: Login, Objetivo: Producto;MEDIO;2
ACTIVIDAD;1/24/2026 22:55;Accion: Busqueda, Objetivo: Sistema;ALTO;2
ACTIVIDAD;7/28/2025 14:08;Accion: Busqueda, Objetivo: Producto;ALTO;2
ACTIVIDAD;2/28/2026 20:05;Accion: Busqueda, Objetivo: Producto;BAJO;3
ACTIVIDAD;3/29/2026 18:39;Accion: Compra, Objetivo: Perfil;ALTO;2
UBICACION;4/2/2026 21:29;Lat: 36.4661, Lon: -6.0503;BAJO;1
ACTIVIDAD;11/8/2025 9:54;Accion: Login, Objetivo: Sistema;ALTO;3
UBICACION;4/6/2026 12:49;Lat: 37.5152, Lon: -3.0452;BAJO;3
ACTIVIDAD;4/22/2026 16:19;Accion: Busqueda, Objetivo: Producto;BAJO;3
UBICACION;7/8/2025 21:04;Lat: 42.2933, Lon: 1.3256;MEDIO;2
UBICACION;1/7/2026 5:25;Lat: 41.4725, Lon: 1.6512;ALTO;1
UBICACION;9/6/2025 4:34;Lat: 38.3042, Lon: 0.8467;ALTO;1
ACTIVIDAD;2/11/2026 12:29;Accion: Login, Objetivo: Producto;BAJO;2
ACTIVIDAD;7/31/2025 19:22;Accion: Compra, Objetivo: Perfil;ALTO;3
ACTIVIDAD;7/11/2025 10:31;Accion: Busqueda, Objetivo: Producto;ALTO;3
ACTIVIDAD;10/16/2025 0:53;Accion: Login, Objetivo: Perfil;ALTO;1
UBICACION;1/31/2026 1:47;Lat: 37.8104, Lon: -3.2260;MEDIO;3
ACTIVIDAD;6/1/2025 16:48;Accion: Compra, Objetivo: Sistema;BAJO;1
UBICACION;7/11/2025 16:03;Lat: 38.0591, Lon: -4.6991;MEDIO;2
UBICACION;5/30/2025 13:03;Lat: 41.5558, Lon: 2.1600;ALTO;1
ACTIVIDAD;10/15/2025 5:12;Accion: Login, Objetivo: Sistema;MEDIO;3
ACTIVIDAD;12/16/2025 22:43;Accion: Logout, Objetivo: Perfil;ALTO;2
UBICACION;8/21/2025 12:11;Lat: 41.9539, Lon: -7.7329;ALTO;1
UBICACION;4/23/2026 15:36;Lat: 36.6261, Lon: -5.3268;ALTO;2
UBICACION;5/17/2025 5:23;Lat: 39.4695, Lon: -5.9460;MEDIO;1
UBICACION;2/15/2026 23:15;Lat: 42.1647, Lon: -6.8965;ALTO;3
UBICACION;12/11/2025 23:16;Lat: 40.8258, Lon: -0.9044;BAJO;2
ACTIVIDAD;10/21/2025 16:38;Accion: Compra, Objetivo: Producto;ALTO;2
ACTIVIDAD;11/18/2025 11:13;Accion: Compra, Objetivo: Sistema;BAJO;1
UBICACION;8/30/2025 23:57;Lat: 37.5298, Lon: -0.5042;MEDIO;3
UBICACION;2/17/2026 18:02;Lat: 42.0072, Lon: -1.6465;MEDIO;1
UBICACION;1/7/2026 16:08;Lat: 36.4330, Lon: -0.0903;BAJO;1
UBICACION;2/17/2026 20:41;Lat: 42.5322, Lon: -6.0076;MEDIO;3
ACTIVIDAD;9/13/2025 11:17;Accion: Busqueda, Objetivo: Sistema;BAJO;2
ACTIVIDAD;6/22/2025 23:59;Accion: Logout, Objetivo: Sistema;MEDIO;3
UBICACION;8/12/2025 3:21;Lat: 41.1490, Lon: -7.4426;MEDIO;1
UBICACION;9/23/2025 14:25;Lat: 36.6908, Lon: -6.6935;MEDIO;3
ACTIVIDAD;5/24/2025 10:06;Accion: Login, Objetivo: Perfil;MEDIO;2
UBICACION;4/8/2026 18:40;Lat: 38.6992, Lon: -5.6600;ALTO;2
ACTIVIDAD;2/11/2026 22:00;Accion: Busqueda, Objetivo: Producto;MEDIO;1
ACTIVIDAD;5/19/2025 6:05;Accion: Login, Objetivo: Producto;MEDIO;1
ACTIVIDAD;11/4/2025 18:00;Accion: Busqueda, Objetivo: Perfil;MEDIO;1
ACTIVIDAD;1/20/2026 14:32;Accion: Compra, Objetivo: Sistema;MEDIO;3
ACTIVIDAD;12/24/2025 5:06;Accion: Login, Objetivo: Producto;BAJO;3
ACTIVIDAD;8/7/2025 17:22;Accion: Busqueda, Objetivo: Sistema;MEDIO;3
UBICACION;1/20/2026 11:54;Lat: 37.0989, Lon: 0.0211;MEDIO;1
UBICACION;7/14/2025 22:50;Lat: 40.3570, Lon: -8.8702;ALTO;1
ACTIVIDAD;5/10/2026 15:12;Accion: Logout, Objetivo: Sistema;ALTO;2
UBICACION;2/10/2026 20:11;Lat: 42.7668, Lon: 0.2055;MEDIO;2
ACTIVIDAD;4/28/2026 21:11;Accion: Compra, Objetivo: Sistema;ALTO;1
ACTIVIDAD;6/5/2025 19:00;Accion: Compra, Objetivo: Sistema;MEDIO;3
ACTIVIDAD;10/8/2025 20:41;Accion: Busqueda, Objetivo: Producto;BAJO;3
ACTIVIDAD;1/14/2026 14:50;Accion: Login, Objetivo: Sistema;ALTO;2
ACTIVIDAD;1/7/2026 7:29;Accion: Logout, Objetivo: Producto;BAJO;3
ACTIVIDAD;5/16/2025 12:25;Accion: Login, Objetivo: Producto;BAJO;3
ACTIVIDAD;4/20/2026 0:35;Accion: Login, Objetivo: Sistema;BAJO;1
ACTIVIDAD;10/8/2025 21:49;Accion: Logout, Objetivo: Producto;ALTO;3
ACTIVIDAD;9/12/2025 6:28;Accion: Login, Objetivo: Producto;MEDIO;3
UBICACION;7/3/2025 9:48;Lat: 36.9880, Lon: -1.0163;BAJO;1
UBICACION;11/20/2025 8:21;Lat: 40.0487, Lon: -8.2075;MEDIO;3
UBICACION;12/28/2025 9:21;Lat: 42.0842, Lon: -2.1134;ALTO;3
UBICACION;6/18/2025 19:18;Lat: 40.2123, Lon: -1.8941;ALTO;3
UBICACION;3/31/2026 9:14;Lat: 37.2896, Lon: -5.4834;MEDIO;2
UBICACION;6/26/2025 18:27;Lat: 39.2195, Lon: -8.5813;MEDIO;2
UBICACION;3/29/2026 7:14;Lat: 41.3451, Lon: -3.9311;MEDIO;2
UBICACION;10/15/2025 4:46;Lat: 39.8030, Lon: -5.1343;ALTO;1
UBICACION;1/1/2026 18:29;Lat: 37.4314, Lon: -1.1165;ALTO;3
ACTIVIDAD;1/27/2026 0:34;Accion: Logout, Objetivo: Producto;ALTO;3
ACTIVIDAD;5/2/2026 11:50;Accion: Login, Objetivo: Producto;BAJO;2
UBICACION;12/22/2025 22:25;Lat: 37.0973, Lon: -5.2538;ALTO;1
ACTIVIDAD;1/23/2026 1:40;Accion: Login, Objetivo: Sistema;BAJO;1
ACTIVIDAD;5/19/2025 19:41;Accion: Compra, Objetivo: Sistema;MEDIO;2
UBICACION;9/2/2025 16:15;Lat: 37.3206, Lon: -7.7670;BAJO;3
UBICACION;4/15/2026 2:06;Lat: 37.6173, Lon: -5.6995;MEDIO;3
UBICACION;5/21/2025 15:32;Lat: 39.9815, Lon: -5.6645;ALTO;2
UBICACION;3/25/2026 13:00;Lat: 40.9338, Lon: -5.7484;BAJO;1
UBICACION;4/18/2026 12:05;Lat: 40.5296, Lon: -3.8678;ALTO;2
UBICACION;7/25/2025 14:01;Lat: 41.8161, Lon: 0.6237;BAJO;3
ACTIVIDAD;6/14/2025 19:48;Accion: Compra, Objetivo: Perfil;BAJO;2
ACTIVIDAD;1/14/2026 23:24;Accion: Busqueda, Objetivo: Perfil;MEDIO;2
UBICACION;5/2/2026 16:14;Lat: 41.3431, Lon: -0.1075;BAJO;1
UBICACION;3/21/2026 23:47;Lat: 38.7181, Lon: 1.7257;MEDIO;1
UBICACION;2/11/2026 20:23;Lat: 40.8213, Lon: -5.0519;MEDIO;3
UBICACION;6/24/2025 8:27;Lat: 37.7457, Lon: -0.3958;ALTO;1
UBICACION;4/25/2026 0:59;Lat: 41.6185, Lon: -1.0226;BAJO;3
UBICACION;9/8/2025 21:43;Lat: 37.7706, Lon: -2.9264;MEDIO;2
ACTIVIDAD;4/6/2026 11:02;Accion: Compra, Objetivo: Producto;BAJO;1
ACTIVIDAD;5/25/2025 10:56;Accion: Login, Objetivo: Perfil;BAJO;2
UBICACION;12/15/2025 10:23;Lat: 36.5553, Lon: -1.4536;MEDIO;3
ACTIVIDAD;2/26/2026 5:59;Accion: Compra, Objetivo: Sistema;MEDIO;3
ACTIVIDAD;3/7/2026 7:43;Accion: Compra, Objetivo: Producto;BAJO;2
UBICACION;4/4/2026 8:29;Lat: 42.7520, Lon: 1.8842;BAJO;1
UBICACION;11/16/2025 2:52;Lat: 41.0531, Lon: -1.4068;BAJO;3
UBICACION;7/12/2025 3:00;Lat: 40.0705, Lon: -0.1602;ALTO;1
ACTIVIDAD;6/5/2025 15:11;Accion: Compra, Objetivo: Sistema;ALTO;1
ACTIVIDAD;3/5/2026 15:56;Accion: Logout, Objetivo: Perfil;ALTO;2
ACTIVIDAD;7/7/2025 12:08;Accion: Busqueda, Objetivo: Perfil;MEDIO;1
ACTIVIDAD;3/11/2026 7:56;Accion: Compra, Objetivo: Producto;MEDIO;2
UBICACION;10/24/2025 1:38;Lat: 39.0464, Lon: -8.0723;ALTO;3
UBICACION;9/16/2025 21:26;Lat: 42.1305, Lon: -3.1504;ALTO;2
UBICACION;4/27/2026 16:11;Lat: 40.0454, Lon: -0.7392;BAJO;2
UBICACION;6/4/2025 2:40;Lat: 42.1555, Lon: -5.0703;MEDIO;3
ACTIVIDAD;5/10/2026 9:09;Accion: Busqueda, Objetivo: Perfil;MEDIO;2
UBICACION;7/18/2025 5:27;Lat: 40.0648, Lon: -0.1736;ALTO;3
ACTIVIDAD;2/23/2026 15:04;Accion: Busqueda, Objetivo: Sistema;BAJO;3
ACTIVIDAD;3/21/2026 21:39;Accion: Busqueda, Objetivo: Perfil;BAJO;3
ACTIVIDAD;8/24/2025 16:13;Accion: Login, Objetivo: Perfil;MEDIO;2
UBICACION;8/8/2025 21:16;Lat: 38.2007, Lon: -7.0933;ALTO;3
UBICACION;1/2/2026 23:12;Lat: 41.4538, Lon: 1.0460;MEDIO;1
UBICACION;9/15/2025 3:51;Lat: 40.9286, Lon: -7.7039;ALTO;1
UBICACION;6/16/2025 7:37;Lat: 38.0598, Lon: -5.4262;MEDIO;3
UBICACION;4/11/2026 11:03;Lat: 42.8204, Lon: -3.6820;ALTO;3
UBICACION;12/26/2025 21:20;Lat: 39.0168, Lon: -5.9037;BAJO;2
UBICACION;10/11/2025 3:04;Lat: 36.8631, Lon: -5.2625;BAJO;3
ACTIVIDAD;5/29/2025 15:21;Accion: Logout, Objetivo: Producto;ALTO;3
ACTIVIDAD;1/2/2026 21:41;Accion: Busqueda, Objetivo: Sistema;ALTO;3
ACTIVIDAD;12/23/2025 20:21;Accion: Busqueda, Objetivo: Sistema;MEDIO;3
ACTIVIDAD;9/22/2025 10:20;Accion: Logout, Objetivo: Perfil;BAJO;1
UBICACION;11/12/2025 21:08;Lat: 38.4521, Lon: -6.1418;ALTO;2
ACTIVIDAD;1/8/2026 11:32;Accion: Login, Objetivo: Producto;BAJO;2
ACTIVIDAD;12/6/2025 6:37;Accion: Compra, Objetivo: Producto;MEDIO;2
ACTIVIDAD;9/2/2025 7:04;Accion: Busqueda, Objetivo: Perfil;ALTO;3
UBICACION;1/19/2026 7:45;Lat: 40.2207, Lon: -3.3216;BAJO;3
UBICACION;5/15/2026 16:46;Lat: 36.0356, Lon: -5.7350;ALTO;3
ACTIVIDAD;5/31/2025 20:48;Accion: Login, Objetivo: Perfil;MEDIO;3
UBICACION;1/31/2026 5:32;Lat: 37.0615, Lon: -5.4584;BAJO;1
UBICACION;7/27/2025 4:51;Lat: 36.1183, Lon: -1.8093;BAJO;3
UBICACION;12/7/2025 11:21;Lat: 41.6754, Lon: -4.0288;BAJO;2
UBICACION;10/20/2025 2:39;Lat: 36.2834, Lon: -5.6838;ALTO;1
ACTIVIDAD;5/12/2026 19:05;Accion: Login, Objetivo: Producto;ALTO;1
UBICACION;4/5/2026 4:27;Lat: 37.3157, Lon: 1.2353;BAJO;3
UBICACION;8/17/2025 19:20;Lat: 37.7294, Lon: -0.3257;BAJO;2
ACTIVIDAD;11/5/2025 19:00;Accion: Busqueda, Objetivo: Producto;MEDIO;3
UBICACION;3/17/2026 1:50;Lat: 39.9579, Lon: -1.6801;MEDIO;1
UBICACION;12/20/2025 22:02;Lat: 38.9541, Lon: -2.3501;ALTO;2
UBICACION;9/10/2025 11:38;Lat: 38.7911, Lon: -7.4830;ALTO;1
ACTIVIDAD;3/22/2026 1:17;Accion: Login, Objetivo: Sistema;MEDIO;3
ACTIVIDAD;11/7/2025 21:55;Accion: Login, Objetivo: Perfil;MEDIO;3
ACTIVIDAD;11/14/2025 16:30;Accion: Login, Objetivo: Perfil;MEDIO;1
ACTIVIDAD;5/11/2026 19:02;Accion: Logout, Objetivo: Sistema;MEDIO;3
ACTIVIDAD;5/24/2025 15:26;Accion: Busqueda, Objetivo: Sistema;MEDIO;3
UBICACION;1/31/2026 12:39;Lat: 36.0404, Lon: 1.2307;MEDIO;2
UBICACION;7/17/2025 3:12;Lat: 41.3033, Lon: -1.3146;BAJO;2
UBICACION;12/13/2025 6:10;Lat: 40.8718, Lon: -3.2040;BAJO;3
ACTIVIDAD;6/20/2025 14:15;Accion: Compra, Objetivo: Producto;BAJO;3
ACTIVIDAD;6/25/2025 10:38;Accion: Login, Objetivo: Sistema;BAJO;2
UBICACION;8/24/2025 4:20;Lat: 36.2958, Lon: -2.6459;ALTO;3
UBICACION;7/8/2025 16:03;Lat: 41.5117, Lon: -4.5341;BAJO;2
ACTIVIDAD;4/24/2026 15:36;Accion: Login, Objetivo: Producto;MEDIO;2
UBICACION;1/4/2026 3:55;Lat: 42.3652, Lon: -7.9028;MEDIO;2
ACTIVIDAD;11/9/2025 13:20;Accion: Compra, Objetivo: Sistema;MEDIO;3
ACTIVIDAD;8/16/2025 4:06;Accion: Compra, Objetivo: Sistema;BAJO;3
UBICACION;3/29/2026 0:04;Lat: 39.5703, Lon: 0.8254;MEDIO;1
UBICACION;8/19/2025 1:09;Lat: 42.6563, Lon: -2.0670;ALTO;1
ACTIVIDAD;8/21/2025 23:06;Accion: Logout, Objetivo: Perfil;BAJO;3
ACTIVIDAD;1/28/2026 20:41;Accion: Busqueda, Objetivo: Producto;MEDIO;1
ACTIVIDAD;5/23/2025 4:54;Accion: Logout, Objetivo: Perfil;MEDIO;3
ACTIVIDAD;6/22/2025 10:40;Accion: Compra, Objetivo: Producto;ALTO;1
ACTIVIDAD;4/20/2026 14:32;Accion: Busqueda, Objetivo: Perfil;MEDIO;3
UBICACION;12/31/2025 18:54;Lat: 38.2384, Lon: 2.4399;BAJO;3
UBICACION;11/17/2025 16:02;Lat: 40.8617, Lon: -8.4701;BAJO;3
UBICACION;7/23/2025 4:03;Lat: 36.7637, Lon: 2.0824;BAJO;1
ACTIVIDAD;5/18/2025 15:08;Accion: Compra, Objetivo: Perfil;ALTO;3
ACTIVIDAD;9/28/2025 6:07;Accion: Busqueda, Objetivo: Producto;MEDIO;1
ACTIVIDAD;11/19/2025 8:22;Accion: Busqueda, Objetivo: Sistema;MEDIO;2
ACTIVIDAD;6/9/2025 8:09;Accion: Login, Objetivo: Producto;BAJO;3
ACTIVIDAD;9/17/2025 5:32;Accion: Compra, Objetivo: Producto;ALTO;2
UBICACION;3/4/2026 7:19;Lat: 37.1931, Lon: -3.6571;MEDIO;3
UBICACION;9/10/2025 20:58;Lat: 42.4757, Lon: -1.5746;MEDIO;1
UBICACION;1/30/2026 15:54;Lat: 40.1395, Lon: 2.9052;ALTO;1
ACTIVIDAD;5/24/2025 14:33;Accion: Logout, Objetivo: Perfil;BAJO;3
ACTIVIDAD;3/14/2026 15:08;Accion: Busqueda, Objetivo: Sistema;MEDIO;3
ACTIVIDAD;12/1/2025 18:14;Accion: Compra, Objetivo: Perfil;MEDIO;1
UBICACION;11/18/2025 8:13;Lat: 36.3605, Lon: -1.7789;BAJO;3
ACTIVIDAD;7/11/2025 4:56;Accion: Logout, Objetivo: Perfil;MEDIO;2
ACTIVIDAD;8/25/2025 19:34;Accion: Compra, Objetivo: Sistema;BAJO;3
ACTIVIDAD;12/4/2025 15:44;Accion: Compra, Objetivo: Producto;ALTO;1
UBICACION;5/14/2026 14:15;Lat: 37.5898, Lon: -8.6168;ALTO;1
UBICACION;11/23/2025 13:05;Lat: 42.5517, Lon: 2.7038;MEDIO;2
UBICACION;1/18/2026 7:51;Lat: 41.3787, Lon: 2.9336;ALTO;3
ACTIVIDAD;10/25/2025 9:38;Accion: Busqueda, Objetivo: Perfil;BAJO;3
ACTIVIDAD;3/14/2026 0:49;Accion: Busqueda, Objetivo: Perfil;ALTO;2
UBICACION;2/4/2026 11:46;Lat: 41.3602, Lon: -1.8349;MEDIO;3
ACTIVIDAD;12/5/2025 12:27;Accion: Logout, Objetivo: Producto;ALTO;2
UBICACION;4/2/2026 0:57;Lat: 36.0083, Lon: -8.5740;MEDIO;1
UBICACION;4/19/2026 8:46;Lat: 42.4669, Lon: -8.6540;ALTO;1
ACTIVIDAD;1/26/2026 2:24;Accion: Busqueda, Objetivo: Sistema;MEDIO;3
UBICACION;1/17/2026 3:20;Lat: 37.3481, Lon: -7.1546;BAJO;1
ACTIVIDAD;1/12/2026 10:09;Accion: Login, Objetivo: Sistema;BAJO;1
ACTIVIDAD;10/31/2025 13:16;Accion: Login, Objetivo: Producto;BAJO;2
UBICACION;11/9/2025 20:33;Lat: 42.8186, Lon: -8.7511;BAJO;1
ACTIVIDAD;3/27/2026 21:42;Accion: Login, Objetivo: Sistema;MEDIO;1
ACTIVIDAD;10/22/2025 2:45;Accion: Compra, Objetivo: Sistema;ALTO;3
ACTIVIDAD;10/6/2025 6:16;Accion: Logout, Objetivo: Producto;ALTO;3
UBICACION;4/2/2026 22:56;Lat: 39.0749, Lon: -3.5684;ALTO;1
ACTIVIDAD;5/18/2025 20:40;Accion: Busqueda, Objetivo: Producto;MEDIO;1
ACTIVIDAD;10/10/2025 3:02;Accion: Busqueda, Objetivo: Producto;ALTO;1
UBICACION;8/3/2025 13:07;Lat: 42.4551, Lon: -4.0058;BAJO;3
UBICACION;2/22/2026 15:27;Lat: 40.1195, Lon: -8.3403;MEDIO;1
UBICACION;8/9/2025 1:30;Lat: 37.8284, Lon: -1.2257;ALTO;1
UBICACION;8/10/2025 18:40;Lat: 38.6749, Lon: -1.5765;BAJO;3
UBICACION;10/3/2025 19:41;Lat: 42.4919, Lon: -8.2016;MEDIO;1
ACTIVIDAD;4/17/2026 18:04;Accion: Busqueda, Objetivo: Sistema;ALTO;3
ACTIVIDAD;2/19/2026 17:39;Accion: Busqueda, Objetivo: Sistema;MEDIO;2
UBICACION;5/18/2025 16:20;Lat: 37.5460, Lon: -6.2507;MEDIO;1
ACTIVIDAD;12/28/2025 1:06;Accion: Compra, Objetivo: Sistema;ALTO;2
UBICACION;8/7/2025 15:10;Lat: 38.6456, Lon: -2.9273;MEDIO;2
UBICACION;5/23/2025 5:25;Lat: 36.7996, Lon: -6.0638;MEDIO;3
UBICACION;7/14/2025 22:18;Lat: 40.0397, Lon: -1.6090;ALTO;1
ACTIVIDAD;10/4/2025 19:30;Accion: Logout, Objetivo: Sistema;ALTO;1
UBICACION;5/6/2026 19:08;Lat: 42.1978, Lon: -4.3678;ALTO;3
UBICACION;3/12/2026 15:48;Lat: 36.3684, Lon: -7.3917;BAJO;1
ACTIVIDAD;10/26/2025 16:25;Accion: Login, Objetivo: Perfil;ALTO;3
UBICACION;6/19/2025 22:52;Lat: 42.8021, Lon: -1.0735;BAJO;3
ACTIVIDAD;8/20/2025 3:21;Accion: Logout, Objetivo: Sistema;MEDIO;3
ACTIVIDAD;4/29/2026 16:47;Accion: Busqueda, Objetivo: Sistema;MEDIO;1
ACTIVIDAD;5/28/2025 17:07;Accion: Compra, Objetivo: Producto;BAJO;1
UBICACION;4/7/2026 4:02;Lat: 42.3954, Lon: -2.7693;BAJO;3
ACTIVIDAD;6/30/2025 4:28;Accion: Compra, Objetivo: Sistema;MEDIO;3
ACTIVIDAD;3/9/2026 5:12;Accion: Login, Objetivo: Producto;ALTO;2
UBICACION;9/18/2025 22:39;Lat: 41.9376, Lon: -1.8054;BAJO;3
ACTIVIDAD;8/9/2025 16:08;Accion: Login, Objetivo: Perfil;MEDIO;1
ACTIVIDAD;7/18/2025 19:46;Accion: Login, Objetivo: Producto;ALTO;3
ACTIVIDAD;5/14/2026 3:15;Accion: Busqueda, Objetivo: Sistema;ALTO;3
UBICACION;10/19/2025 11:56;Lat: 37.3706, Lon: -3.7524;BAJO;1
UBICACION;1/24/2026 23:48;Lat: 38.3283, Lon: -0.7199;MEDIO;1
UBICACION;2/7/2026 8:17;Lat: 42.9623, Lon: -4.5593;ALTO;2
ACTIVIDAD;8/7/2025 13:18;Accion: Logout, Objetivo: Producto;MEDIO;1
ACTIVIDAD;7/27/2025 11:16;Accion: Busqueda, Objetivo: Producto;MEDIO;2
UBICACION;8/11/2025 9:53;Lat: 38.8950, Lon: 1.1093;BAJO;2
ACTIVIDAD;9/26/2025 14:24;Accion: Logout, Objetivo: Producto;ALTO;3
ACTIVIDAD;9/3/2025 15:57;Accion: Logout, Objetivo: Producto;MEDIO;3
UBICACION;8/20/2025 10:48;Lat: 36.9559, Lon: -1.4552;BAJO;1
UBICACION;5/25/2025 3:38;Lat: 42.6581, Lon: -6.1909;ALTO;3
ACTIVIDAD;5/19/2025 10:23;Accion: Login, Objetivo: Sistema;BAJO;3
UBICACION;8/11/2025 15:58;Lat: 42.0887, Lon: 0.7489;BAJO;1
UBICACION;12/23/2025 21:46;Lat: 40.0246, Lon: -1.7129;ALTO;1
ACTIVIDAD;10/27/2025 23:25;Accion: Login, Objetivo: Sistema;MEDIO;1
ACTIVIDAD;9/28/2025 21:00;Accion: Compra, Objetivo: Sistema;MEDIO;1
ACTIVIDAD;8/22/2025 12:52;Accion: Logout, Objetivo: Producto;ALTO;3
UBICACION;4/19/2026 6:16;Lat: 36.4587, Lon: -7.6623;MEDIO;2
ACTIVIDAD;12/10/2025 11:43;Accion: Busqueda, Objetivo: Perfil;MEDIO;1
ACTIVIDAD;5/2/2026 14:04;Accion: Login, Objetivo: Producto;MEDIO;1
UBICACION;1/19/2026 15:09;Lat: 40.4802, Lon: -6.5915;ALTO;1
UBICACION;12/17/2025 3:20;Lat: 42.5883, Lon: 2.7232;ALTO;3
ACTIVIDAD;12/12/2025 22:30;Accion: Logout, Objetivo: Perfil;ALTO;3
UBICACION;7/21/2025 21:46;Lat: 36.0066, Lon: -7.8193;MEDIO;1
ACTIVIDAD;3/4/2026 16:13;Accion: Login, Objetivo: Sistema;ALTO;3
ACTIVIDAD;2/1/2026 6:27;Accion: Logout, Objetivo: Sistema;BAJO;1
ACTIVIDAD;8/4/2025 14:42;Accion: Busqueda, Objetivo: Producto;MEDIO;1
UBICACION;10/24/2025 16:57;Lat: 41.7236, Lon: -0.0867;MEDIO;2
UBICACION;9/2/2025 23:54;Lat: 38.3827, Lon: -5.2380;MEDIO;2
UBICACION;4/21/2026 17:32;Lat: 37.2485, Lon: -1.1768;MEDIO;3
ACTIVIDAD;12/29/2025 21:21;Accion: Busqueda, Objetivo: Perfil;BAJO;2
ACTIVIDAD;1/19/2026 19:38;Accion: Login, Objetivo: Perfil;MEDIO;1
ACTIVIDAD;2/10/2026 5:35;Accion: Busqueda, Objetivo: Sistema;BAJO;3
ACTIVIDAD;5/31/2025 11:12;Accion: Login, Objetivo: Sistema;BAJO;3
UBICACION;12/29/2025 16:35;Lat: 36.2423, Lon: -5.7055;MEDIO;3
ACTIVIDAD;8/24/2025 1:41;Accion: Busqueda, Objetivo: Sistema;MEDIO;2
UBICACION;10/25/2025 12:54;Lat: 38.5493, Lon: -6.6521;BAJO;3
ACTIVIDAD;4/1/2026 22:28;Accion: Compra, Objetivo: Perfil;MEDIO;3
ACTIVIDAD;6/14/2025 17:48;Accion: Busqueda, Objetivo: Sistema;ALTO;2
ACTIVIDAD;12/26/2025 22:50;Accion: Logout, Objetivo: Producto;MEDIO;1
ACTIVIDAD;9/19/2025 19:07;Accion: Logout, Objetivo: Producto;BAJO;3
ACTIVIDAD;7/1/2025 4:25;Accion: Busqueda, Objetivo: Sistema;BAJO;2
UBICACION;11/9/2025 5:02;Lat: 36.2882, Lon: -4.4183;MEDIO;1
UBICACION;9/29/2025 16:36;Lat: 42.8355, Lon: 2.4819;ALTO;3
UBICACION;4/12/2026 21:53;Lat: 37.2710, Lon: -8.4622;MEDIO;1
UBICACION;10/21/2025 1:00;Lat: 38.4931, Lon: -8.1414;MEDIO;2
UBICACION;10/4/2025 6:19;Lat: 41.8566, Lon: -5.3362;BAJO;3
UBICACION;8/30/2025 11:26;Lat: 36.4157, Lon: -5.2982;ALTO;3
UBICACION;4/26/2026 21:37;Lat: 40.3710, Lon: -5.2369;MEDIO;2
ACTIVIDAD;7/5/2025 3:21;Accion: Logout, Objetivo: Producto;BAJO;1
UBICACION;8/26/2025 15:53;Lat: 42.8921, Lon: -8.7053;ALTO;1
ACTIVIDAD;1/17/2026 9:55;Accion: Busqueda, Objetivo: Sistema;ALTO;1
UBICACION;11/20/2025 13:07;Lat: 40.7230, Lon: -1.7396;BAJO;1
UBICACION;12/20/2025 11:02;Lat: 39.5215, Lon: -1.4330;MEDIO;3
UBICACION;9/21/2025 7:17;Lat: 40.7535, Lon: -5.4996;ALTO;1
UBICACION;7/21/2025 17:59;Lat: 37.7703, Lon: -2.3302;BAJO;3
UBICACION;8/27/2025 14:45;Lat: 37.5300, Lon: -1.6970;BAJO;1
ACTIVIDAD;8/20/2025 6:22;Accion: Compra, Objetivo: Producto;ALTO;1
UBICACION;10/19/2025 2:05;Lat: 42.1446, Lon: -6.4601;ALTO;3
ACTIVIDAD;3/29/2026 2:25;Accion: Compra, Objetivo: Sistema;ALTO;3
ACTIVIDAD;6/27/2025 7:40;Accion: Login, Objetivo: Perfil;BAJO;3
UBICACION;4/10/2026 1:26;Lat: 38.2167, Lon: -6.1161;ALTO;2
ACTIVIDAD;12/10/2025 21:21;Accion: Logout, Objetivo: Sistema;MEDIO;3
UBICACION;10/22/2025 16:23;Lat: 41.5561, Lon: -1.0693;ALTO;1
ACTIVIDAD;10/19/2025 11:55;Accion: Login, Objetivo: Perfil;MEDIO;1
UBICACION;1/19/2026 13:47;Lat: 40.3559, Lon: -4.2732;BAJO;3
ACTIVIDAD;10/8/2025 16:35;Accion: Compra, Objetivo: Perfil;BAJO;2
ACTIVIDAD;4/7/2026 20:46;Accion: Compra, Objetivo: Sistema;MEDIO;1
ACTIVIDAD;6/7/2025 16:57;Accion: Busqueda, Objetivo: Sistema;BAJO;1
UBICACION;1/18/2026 13:36;Lat: 42.1615, Lon: -7.8963;ALTO;2
ACTIVIDAD;8/5/2025 12:08;Accion: Busqueda, Objetivo: Producto;MEDIO;3
UBICACION;4/29/2026 14:42;Lat: 41.8492, Lon: 0.9506;MEDIO;3
ACTIVIDAD;9/10/2025 11:37;Accion: Login, Objetivo: Producto;ALTO;2
ACTIVIDAD;8/13/2025 8:22;Accion: Logout, Objetivo: Perfil;ALTO;3
UBICACION;12/15/2025 13:30;Lat: 41.8876, Lon: -1.2854;MEDIO;2
ACTIVIDAD;2/8/2026 13:11;Accion: Busqueda, Objetivo: Sistema;ALTO;3
ACTIVIDAD;6/2/2025 5:44;Accion: Busqueda, Objetivo: Perfil;MEDIO;2
ACTIVIDAD;1/1/2026 2:57;Accion: Busqueda, Objetivo: Perfil;MEDIO;1
ACTIVIDAD;11/17/2025 13:55;Accion: Busqueda, Objetivo: Sistema;MEDIO;1
ACTIVIDAD;3/23/2026 2:17;Accion: Busqueda, Objetivo: Sistema;ALTO;1
ACTIVIDAD;12/17/2025 10:43;Accion: Logout, Objetivo: Sistema;ALTO;1
ACTIVIDAD;2/21/2026 10:34;Accion: Logout, Objetivo: Producto;BAJO;1
ACTIVIDAD;3/3/2026 22:40;Accion: Busqueda, Objetivo: Producto;ALTO;2
UBICACION;9/13/2025 16:20;Lat: 42.2101, Lon: -0.8195;MEDIO;3
ACTIVIDAD;2/6/2026 18:21;Accion: Login, Objetivo: Perfil;MEDIO;2
UBICACION;11/6/2025 14:36;Lat: 42.4812, Lon: -7.5493;MEDIO;3
UBICACION;6/24/2025 22:04;Lat: 42.9778, Lon: -8.8029;MEDIO;2
ACTIVIDAD;3/16/2026 3:59;Accion: Compra, Objetivo: Perfil;ALTO;2
UBICACION;11/24/2025 14:27;Lat: 42.8081, Lon: -5.5077;MEDIO;1
ACTIVIDAD;8/14/2025 10:54;Accion: Login, Objetivo: Sistema;BAJO;3
UBICACION;12/18/2025 17:02;Lat: 39.7798, Lon: -5.6783;BAJO;2
ACTIVIDAD;11/27/2025 19:59;Accion: Compra, Objetivo: Producto;BAJO;2
UBICACION;10/26/2025 14:49;Lat: 37.2291, Lon: 1.5310;MEDIO;3
UBICACION;5/13/2026 2:24;Lat: 37.4304, Lon: 0.4161;ALTO;3
UBICACION;6/2/2025 17:45;Lat: 36.0256, Lon: -1.6778;MEDIO;2
UBICACION;5/11/2026 16:20;Lat: 41.8323, Lon: 2.9154;ALTO;2
UBICACION;4/13/2026 20:44;Lat: 40.7791, Lon: 2.8978;ALTO;1
ACTIVIDAD;1/20/2026 9:06;Accion: Login, Objetivo: Sistema;MEDIO;1
ACTIVIDAD;11/27/2025 13:54;Accion: Logout, Objetivo: Producto;BAJO;2
UBICACION;3/29/2026 17:24;Lat: 36.2668, Lon: -5.4569;ALTO;2
ACTIVIDAD;4/30/2026 6:55;Accion: Logout, Objetivo: Sistema;ALTO;2
UBICACION;6/8/2025 17:06;Lat: 41.6768, Lon: -8.6201;MEDIO;2
ACTIVIDAD;11/10/2025 2:09;Accion: Login, Objetivo: Sistema;BAJO;3
ACTIVIDAD;4/9/2026 21:13;Accion: Busqueda, Objetivo: Sistema;ALTO;3
ACTIVIDAD;1/24/2026 21:01;Accion: Busqueda, Objetivo: Producto;MEDIO;2
UBICACION;8/17/2025 0:03;Lat: 38.3584, Lon: 1.1546;ALTO;3
UBICACION;11/30/2025 8:45;Lat: 41.3852, Lon: 0.8694;ALTO;1
UBICACION;11/22/2025 13:24;Lat: 37.9206, Lon: -1.4235;BAJO;1
UBICACION;6/3/2025 6:19;Lat: 38.0921, Lon: 2.9498;ALTO;3
ACTIVIDAD;2/9/2026 1:48;Accion: Logout, Objetivo: Perfil;BAJO;2
ACTIVIDAD;5/19/2025 22:57;Accion: Login, Objetivo: Producto;MEDIO;2
UBICACION;8/3/2025 0:40;Lat: 38.1297, Lon: 1.3369;BAJO;1
UBICACION;8/12/2025 18:54;Lat: 36.1068, Lon: -3.1433;ALTO;3
ACTIVIDAD;1/4/2026 17:14;Accion: Busqueda, Objetivo: Producto;ALTO;2
ACTIVIDAD;9/4/2025 23:57;Accion: Login, Objetivo: Producto;ALTO;2
UBICACION;1/14/2026 10:32;Lat: 36.7831, Lon: -7.9932;ALTO;3
UBICACION;7/8/2025 4:03;Lat: 40.7320, Lon: -7.7233;MEDIO;1
ACTIVIDAD;1/22/2026 23:50;Accion: Compra, Objetivo: Producto;BAJO;3
UBICACION;3/9/2026 21:26;Lat: 41.0414, Lon: -8.9830;MEDIO;1
UBICACION;6/29/2025 23:27;Lat: 40.5582, Lon: 2.8928;ALTO;1
ACTIVIDAD;3/29/2026 16:13;Accion: Compra, Objetivo: Producto;ALTO;2
UBICACION;2/21/2026 4:01;Lat: 36.6142, Lon: -7.2697;ALTO;3
UBICACION;10/6/2025 17:06;Lat: 39.8971, Lon: -2.0473;BAJO;2
ACTIVIDAD;3/7/2026 4:50;Accion: Busqueda, Objetivo: Perfil;MEDIO;3
ACTIVIDAD;4/23/2026 18:44;Accion: Busqueda, Objetivo: Sistema;MEDIO;1
UBICACION;1/16/2026 2:46;Lat: 36.5895, Lon: -4.8061;BAJO;3
ACTIVIDAD;2/9/2026 15:41;Accion: Login, Objetivo: Perfil;MEDIO;1
ACTIVIDAD;4/2/2026 18:52;Accion: Logout, Objetivo: Sistema;MEDIO;1
ACTIVIDAD;5/27/2025 17:36;Accion: Logout, Objetivo: Producto;MEDIO;1
UBICACION;4/18/2026 6:28;Lat: 41.6311, Lon: 0.7916;BAJO;3
ACTIVIDAD;9/11/2025 15:20;Accion: Login, Objetivo: Perfil;BAJO;2
UBICACION;2/26/2026 2:42;Lat: 37.2644, Lon: 1.2905;ALTO;2
UBICACION;2/12/2026 22:33;Lat: 42.5527, Lon: -0.4048;ALTO;3
ACTIVIDAD;12/18/2025 13:04;Accion: Login, Objetivo: Producto;BAJO;2
UBICACION;8/15/2025 0:26;Lat: 38.3937, Lon: 0.9723;MEDIO;1
ACTIVIDAD;7/12/2025 21:44;Accion: Logout, Objetivo: Sistema;BAJO;3
ACTIVIDAD;12/21/2025 4:01;Accion: Logout, Objetivo: Sistema;ALTO;1
ACTIVIDAD;12/12/2025 11:15;Accion: Logout, Objetivo: Sistema;ALTO;3
ACTIVIDAD;3/5/2026 18:13;Accion: Compra, Objetivo: Sistema;BAJO;2
ACTIVIDAD;6/4/2025 19:52;Accion: Busqueda, Objetivo: Perfil;BAJO;3
UBICACION;12/20/2025 19:38;Lat: 36.0189, Lon: 0.7975;BAJO;2
UBICACION;6/7/2025 1:21;Lat: 37.8465, Lon: -1.7246;BAJO;1
UBICACION;11/10/2025 0:46;Lat: 38.0210, Lon: 1.9187;MEDIO;1
ACTIVIDAD;10/3/2025 7:58;Accion: Compra, Objetivo: Producto;ALTO;3
ACTIVIDAD;2/4/2026 5:09;Accion: Logout, Objetivo: Producto;MEDIO;3
UBICACION;10/6/2025 8:15;Lat: 36.0595, Lon: -1.7681;MEDIO;1
UBICACION;1/19/2026 3:02;Lat: 36.0106, Lon: -6.3464;BAJO;3
UBICACION;10/20/2025 8:59;Lat: 37.8328, Lon: 1.5018;BAJO;1
UBICACION;12/4/2025 17:17;Lat: 38.4785, Lon: -7.9259;MEDIO;1
UBICACION;6/18/2025 6:15;Lat: 38.2272, Lon: 0.0233;MEDIO;1
UBICACION;12/28/2025 19:25;Lat: 37.3717, Lon: -8.2380;BAJO;3
ACTIVIDAD;7/2/2025 15:20;Accion: Compra, Objetivo: Sistema;BAJO;2
UBICACION;11/3/2025 21:42;Lat: 36.1840, Lon: 0.1579;MEDIO;2
ACTIVIDAD;11/4/2025 3:09;Accion: Login, Objetivo: Perfil;ALTO;1
ACTIVIDAD;9/4/2025 14:23;Accion: Logout, Objetivo: Perfil;ALTO;1
UBICACION;10/19/2025 3:07;Lat: 41.1999, Lon: -6.6569;ALTO;2
ACTIVIDAD;3/16/2026 18:40;Accion: Login, Objetivo: Producto;MEDIO;2
ACTIVIDAD;6/21/2025 5:26;Accion: Busqueda, Objetivo: Sistema;ALTO;1
ACTIVIDAD;1/26/2026 17:51;Accion: Compra, Objetivo: Sistema;ALTO;3
ACTIVIDAD;4/21/2026 5:45;Accion: Login, Objetivo: Sistema;ALTO;1
UBICACION;3/12/2026 12:31;Lat: 42.4539, Lon: -5.0298;ALTO;3
ACTIVIDAD;4/7/2026 1:01;Accion: Compra, Objetivo: Producto;BAJO;2
ACTIVIDAD;4/1/2026 11:35;Accion: Compra, Objetivo: Perfil;MEDIO;2
ACTIVIDAD;2/16/2026 20:56;Accion: Busqueda, Objetivo: Perfil;BAJO;2
ACTIVIDAD;6/20/2025 9:58;Accion: Logout, Objetivo: Perfil;MEDIO;3
ACTIVIDAD;11/8/2025 22:01;Accion: Compra, Objetivo: Perfil;MEDIO;2
UBICACION;4/28/2026 17:59;Lat: 39.9553, Lon: -2.7500;MEDIO;2
ACTIVIDAD;5/18/2025 13:11;Accion: Busqueda, Objetivo: Sistema;BAJO;3
ACTIVIDAD;6/25/2025 19:36;Accion: Login, Objetivo: Sistema;BAJO;1
UBICACION;2/14/2026 17:47;Lat: 40.1971, Lon: 1.5532;BAJO;2
UBICACION;11/19/2025 7:24;Lat: 42.1005, Lon: 1.0222;MEDIO;3
UBICACION;9/24/2025 13:39;Lat: 40.4864, Lon: -8.6641;MEDIO;1
UBICACION;11/14/2025 11:15;Lat: 36.6575, Lon: -3.4620;ALTO;1
UBICACION;5/24/2025 13:46;Lat: 39.9203, Lon: -7.5343;BAJO;2
ACTIVIDAD;3/19/2026 18:43;Accion: Busqueda, Objetivo: Producto;MEDIO;3
ACTIVIDAD;5/28/2025 20:37;Accion: Logout, Objetivo: Perfil;MEDIO;1
ACTIVIDAD;3/25/2026 9:31;Accion: Compra, Objetivo: Sistema;MEDIO;1
UBICACION;9/11/2025 23:09;Lat: 38.5871, Lon: -4.4131;MEDIO;2
UBICACION;9/14/2025 14:01;Lat: 42.5034, Lon: -5.3387;MEDIO;2
ACTIVIDAD;6/22/2025 21:57;Accion: Compra, Objetivo: Sistema;MEDIO;2
UBICACION;5/23/2025 23:49;Lat: 36.7873, Lon: -0.0618;BAJO;2
ACTIVIDAD;10/11/2025 9:10;Accion: Busqueda, Objetivo: Sistema;MEDIO;1
UBICACION;8/8/2025 18:16;Lat: 40.9094, Lon: -6.6471;ALTO;1
ACTIVIDAD;3/15/2026 8:06;Accion: Logout, Objetivo: Sistema;MEDIO;1
ACTIVIDAD;8/28/2025 18:03;Accion: Logout, Objetivo: Perfil;ALTO;2
UBICACION;2/1/2026 13:35;Lat: 42.9954, Lon: -4.6653;ALTO;2
ACTIVIDAD;3/16/2026 2:17;Accion: Compra, Objetivo: Sistema;ALTO;1
UBICACION;10/31/2025 17:50;Lat: 37.0615, Lon: -5.3096;ALTO;2
UBICACION;5/28/2025 2:16;Lat: 42.6586, Lon: -2.5173;ALTO;3
ACTIVIDAD;7/19/2025 7:29;Accion: Login, Objetivo: Producto;ALTO;3
ACTIVIDAD;4/17/2026 19:53;Accion: Compra, Objetivo: Perfil;MEDIO;2
UBICACION;6/5/2025 18:54;Lat: 42.5763, Lon: 0.7013;BAJO;2
ACTIVIDAD;1/7/2026 16:02;Accion: Login, Objetivo: Producto;ALTO;2
UBICACION;4/18/2026 23:40;Lat: 41.3282, Lon: -7.8249;BAJO;3
ACTIVIDAD;4/12/2026 3:12;Accion: Compra, Objetivo: Producto;BAJO;1
ACTIVIDAD;5/23/2025 23:44;Accion: Login, Objetivo: Producto;ALTO;3
ACTIVIDAD;8/6/2025 2:00;Accion: Logout, Objetivo: Producto;MEDIO;1
UBICACION;9/16/2025 8:16;Lat: 36.9260, Lon: -6.6013;ALTO;3
ACTIVIDAD;6/4/2025 12:40;Accion: Busqueda, Objetivo: Perfil;MEDIO;1
ACTIVIDAD;9/13/2025 5:08;Accion: Login, Objetivo: Producto;BAJO;1
ACTIVIDAD;10/2/2025 0:28;Accion: Logout, Objetivo: Producto;ALTO;3
ACTIVIDAD;11/24/2025 14:44;Accion: Login, Objetivo: Producto;ALTO;2
UBICACION;7/17/2025 4:02;Lat: 40.4347, Lon: 1.4467;BAJO;1
UBICACION;3/14/2026 18:48;Lat: 38.1785, Lon: -3.4672;BAJO;1
ACTIVIDAD;2/6/2026 15:04;Accion: Busqueda, Objetivo: Sistema;ALTO;1
UBICACION;2/27/2026 2:38;Lat: 40.9132, Lon: -3.9223;MEDIO;2
UBICACION;5/11/2026 9:28;Lat: 36.2139, Lon: -4.7230;MEDIO;1
UBICACION;5/2/2026 20:09;Lat: 42.1597, Lon: -5.7277;ALTO;1
ACTIVIDAD;12/17/2025 21:44;Accion: Logout, Objetivo: Sistema;ALTO;1
ACTIVIDAD;3/28/2026 6:49;Accion: Busqueda, Objetivo: Perfil;BAJO;2
UBICACION;9/5/2025 9:11;Lat: 38.5476, Lon: -7.9705;ALTO;1
UBICACION;5/7/2026 14:11;Lat: 38.0330, Lon: -7.1185;ALTO;3
UBICACION;10/27/2025 19:58;Lat: 41.1578, Lon: -3.2970;ALTO;1
ACTIVIDAD;11/21/2025 10:35;Accion: Logout, Objetivo: Producto;MEDIO;2
ACTIVIDAD;9/27/2025 4:55;Accion: Busqueda, Objetivo: Producto;BAJO;3
UBICACION;5/26/2025 16:09;Lat: 41.4794, Lon: 2.3683;MEDIO;1
UBICACION;9/19/2025 20:32;Lat: 38.1340, Lon: -8.1181;BAJO;2
ACTIVIDAD;2/4/2026 1:32;Accion: Compra, Objetivo: Perfil;BAJO;3
ACTIVIDAD;6/13/2025 23:23;Accion: Login, Objetivo: Sistema;ALTO;3
